username,value
ramachandra rao musunuru,107.8608
SKS Media Singapore,107.8608
Sash Warna,107.8608
M Bueno,107.8608
Deborah Jones,107.8608
Melviniii,107.8608
SKS_MediaUAE,107.8608
Louis Truong #TraxionICO,80.8956
ĞšĞ¸Ñ€Ğ¸Ğ»Ğ» ĞŸÑ€Ğ¾Ñ‚Ğ¾Ğ³ĞµĞ½Ğ¾Ğ²,80.8956
mrbate,80.8956
â™£PrinceGâ™£,80.8956
kanaiya thacker,80.8956
JAMES BURNS,80.8956
Luis R Rojas,80.8956
TarÄ±k Sezan,80.8956
Aldo The Apache,80.8956
Vivek Bharati,80.8956
SUDDENDEATH66,76.4014
Deftrax,75.95198
Crypto_collins,74.1584490297
CamTheMan,74.1543
wisdom333,74.1543
mark robert,71.9072
Ajayi Adedoyin,71.9072
Angelica Fink,68.3760428571
Tyler. ğŸ‡¨ğŸ‡¦,67.413
Rowell Cast Abad,67.413
fairlytaxed,67.413
frank ikeme,67.413
Galois Flores,67.413
mafia,67.413
Akorede Shehu nurain,67.413
mehmet bostanoÄŸlu,67.413
Islam hunter,67.413
Habib Ahsani,67.413
Thomas Ripple,67.413
Kuzaima,67.413
JAFSTAR,67.413
Má»™c LÃ¢m,67.413
salah,67.413
cholebatgirl,67.413
Gloria Uche,67.413
Chris âœ–ï¸,67.413
Abdulkerim durdu,67.413
bitko,67.413
Ismail Guler,67.413
Feldowsen,67.413
Amblessed Abu,67.413
Jolo,67.413
agoees,67.413
Augustine Ogbonnaya,67.413
iad_xo,67.413
Thagodz,67.413
za3boulia,67.413
samuel Oluwafemi,67.413
Matheus Silva,67.413
rusmuhammad01,67.413
AntonioGomez,67.413
ICO Cryptoking,67.413
JESAMINE SORIAO,67.413
@hero0ne,67.413
Hooss Kehyou,67.413
amandajhon56,67.413
ahmadharis,67.413
Sulaiman  Sikiru Wale,67.413
Nofa sutanto,67.413
Rexford,67.413
Syahazek,67.413
Rina Sumaria,58.4246
steely fluff,53.9304
Juanâš¡ï¸Galt,53.9304
Here to Listen,53.9304
BlackjinTrade,53.9304
Szalloony,53.9304
BrandGodot,53.9304
Crypto Analyst,53.9304
GK,50.55975
Saeed Valadbaygi,49.4362
X_Flips,47.1891
George Mac,44.942
ico_kingyokingyo,43.8205189783
jackbits,42.8991818182
CryptoPiper,42.6365333333
Altcoinjules,42.0956733333
Electric Buddha,40.4479840088
sdshack,40.4478
sha-265 âš¡ï¸â€,40.4478
Chhakho,40.4478
Erf ling,40.4478
Vikram Ramakrishnan,40.4478
Chinedu Okpala,40.4478
Tatiana Ovchinnikova,40.4478
TheLaureate,40.4478
Christina Storey,40.4478
SylTi âš¡,40.4478
LitecoinMonkey,40.4478
Zeeshan Shah,40.4478
crypto. plankton,40.4478
Crypto Sport,40.4478
Nils Larsson NLA,38.5217142857
Lady of the Crypt,38.5217142857
Ben Song,38.5217142857
Budhi Kesuma,36.897
Airdrop terkini,36.1578818182
Jamil Ahmed,34.98
crypto lovers,33.7065
#Airdropinfo,33.7065
Fatema Akter Shilpy,33.7065
Brian Su,33.7065
Martin Bridgewater,33.7065
Free Airdrop+Bounty,33.7065
RichL Forex,33.7065
Crypto Early Bird,33.7065
Gabriel Kurman,33.7065
T,33.7065
K,33.7065
Luis Miguel Laredo,33.7065
ĞĞ»ĞµĞºÑĞ°Ğ½Ğ´Ñ€ Ğ¥Ñ€Ğ¸Ğ¿ÑƒĞ½ĞµĞ½ĞºĞ¾,33.7065
Greg Schatz,33.0936545455
Darren Culbreath,31.4594
ğŸ´ó §ó ¢ó ¥ó ®ó §ó ¿Crypto LegendğŸ´ó §ó ¢ó ¥ó ®ó §ó ¿,31.4594
TopTickers,30.33585
Vaisakh Ks,29.5177276834
jutofuko,29.5176
Emeziem Miracle,29.5176
nguyá»…n tuáº¥n phÆ°Æ¡ng #beattoken,28.5994545455
CMark,28.08875
Follow 4 Follow,27.984
KOá‘Œá–‡T  âœŒ,27.984
f0under,26.9652
Omarâš¡,26.9652
Lucas,26.9652
Oih_Ana,26.9652
JoÃ«l de Tombe,26.9652
Joshua Manley,26.9652
Nkgoge Lerama! â„¢,26.9652
CptnBeard,26.9652
JÃ©ssica Palacios,26.9652
Joda Walter,26.9652
Ya Boi,26.9652
Murtaza Jesawadawala,26.9652
Mining,26.9652
Joseph Vitola,26.9652
Bitcoin Chaser,26.9652
LucisDollar,26.9652
yorck leschber,26.9652
Hamaan13,26.9652
Chris S. [1X],26.9652
Micro concept,25.84165
Bitcoin McBitfaceâš¡ï¸,25.279875
Jeff,24.486
Binmap,24.486
Cristian Carvajal,23.59455
BlockchainCompliance,22.471
Cryptoknocks.com,22.471
Zachary Maley,22.2012
Phil Michaels Crypto News,22.2012
Cash Clamber,21.909225
JEHB40,21.52325
sajith,21.4523162336
CryptologistğŸ‘©â€ğŸ’»ğŸ‘¸ğŸ¤·â€â™€ï¸,20.988
meteor78,20.988
Onwusor Kingsley,20.988
SuperBeast,20.988
Yummy_Tomato,20.988
Sergey Permyakov,20.988
chance,20.988
Baba Azam,20.988
kira,20.988
Hammer Concepts,20.2274349257
akufure,20.2239
Genesis Coin,20.2239
Ray Youssef,19.7642659091
TheMarketQuote,19.6784
eti-ini umoh,19.2608571429
Shaishav,18.4485
JDeveaux,18.4485
Elleok,18.4485
è¦‹æ „å­ã•ã‚“@Satoshi Visioner,18.3853636364
Dave Padgett,18.3853636364
Bitcoin and Cryptos,18.3853636364
Systweak Software,18.3853636364
Deckoto Od Senkata,18.3853636364
LongLifeLove,17.49
De Currency 1,17.49
Ismail hassan,17.49
Private Bank Media,17.49
Osamede,17.49
Adekunle dele Olamide,17.49
Aseem Sharma,17.49
katty,17.49
likewhoa,17.49
Dedi setiawan,17.49
Survivor GH,17.49
Eric Wondong,17.49
Nnaemeka Onyeukwu,17.49
Max,17.49
Jasmin Leyva,17.49
Mr. Multimedia,17.49
mostafa900,17.49
ied7enk,17.49
Trader Office,17.49
Clarkson Okpokiri,17.49
Crypto Donald Trump,17.49
Wavenasky,17.49
lopeprisonpure,17.49
zhan vac,17.49
Pletic,17.49
Shehzaib,17.49
Raymond Ikechebelu,17.49
mike adamo,17.49
Jason Atun,17.49
Miles,17.49
Doclenk Kasep,17.49
Fikri Simbolon,17.49
Daniel Gokah,17.49
Hiep NGuyen,17.49
Zack of Crypto,17.49
Topman,17.49
georgianne morell,17.49
Megaton,17.49
Ricardo,17.49
guru,17.49
karyl johanson,17.49
Eni198881,17.49
× Ñ”â„“â„“Ñ” Ñ•Ğ¼Ñ”âˆ‚Ñ‚Ñ•,17.1067909091
Roman Daszkiewicz,16.85325
Idun,16.85325
Allan Paolo Santiago,16.85325
Welckomtome,16.85325
Pirl.io,16.85325
Achlys Aceline,16.85325
CryptoStickers,16.85325
TMT,16.1296666667
Value Hodler,16.0342
Ronn Marlowe,15.741
Luisa Subia,15.741
Alexa Yesiree,15.30375
cryptobang,15.158
Danilo Diaz,15.158
Anita Nunez,14.8665
harvinder,14.8008
Wilson Elechi,14.8008
eli,14.8008
Crypto_Poet,14.8008
ali taoutaou,14.8008
Erina Gremory,14.8008
Rosellie Dawami,14.7588
Rey âš¡ Poullard,14.7588
Bull,14.7588
Bryan Walker,14.7588
Vijay Boyapati,14.7588
Span29,14.7588
Karim Solanji,14.7588
Doug,14.7588
Vladimir Fedorov,14.1465159091
ariezky fadlil,14.056
tradingNOVA,13.992
Sur Way,13.992
Cozine,13.992
8th Kazekage || Zurishaddai,13.992
The Chicken Meditation ^_^,13.992
SWIFT Unlock,13.992
Adi Dizdarevich,13.992
Pr Tweets Now,13.992
Vincenzo Primiani,13.992
Acenikolov,13.992
Count of Monte Crypto,13.87575
fatih,13.4826
FinansMY,13.4826
Yuvraj Singh,13.4826
Bull & Bear Research,13.4826
ãˆ±ã‚ªãƒ•ã‚£ã‚¹ã‚ã•ã®/ä»£è¡¨å–ç· å½¹,13.4826
Zlatan isRed #TraXionICO,13.4826
BadHombre4u2c,13.25
âš¡ï¸Bitcoin Puerto Ricoâš¡ï¸,12.299
Stockspotify,12.243
Arslan,12.177
HOST/GUESTLIST/LIMO,11.3692479347
TQ Crypto,11.0691
Miltonâ„¢,10.9215333333
Roni,10.8363
BitcoinSqueeze,10.78608
Charika Darshani,10.6226545455
FrenceBit ğŸ§Ÿâ€â™‚ï¸,10.6124507937
GanjaMan Blockchain,10.494
Konrad MoÅ›ciÅ„ski,10.494
Crypto_Smith_21,10.494
âš¡ï¸,10.494
Serdar DoÄŸan,10.494
MartinGaedt ideenfit,10.494
FairDinkumCrypto,10.494
Paul Birken,10.494
crypto caterpiller,10.494
Mohammad K,10.494
Cryptographer,10.494
Pete Cripps,10.494
Cryptonomy4world,10.494
Kiiing,10.494
Robert Bobby Shaftoe,10.494
Tom Lomax,10.494
Matthias Reder,10.494
Devon C ($DGB),10.494
ArtuRHINO,10.494
ssfaser ğŸ’«,10.494
Aaron Rose,10.11195
Seere,9.9942857143
kiks,9.9942857143
JBVNG,9.9942857143
Ù‡Ø´Ø§Ù… Ø§Ù„ Ø§ØºØ¨Ø±,9.9390590294
Doreen Moore,9.7879541667
Game Loot Network,9.7416
LeonardoZ,9.7416
Crypto Watch Bot,9.2505
Lawal Tayo,9.22425
Mario Martinez,9.22425
The Ledger,9.1926818182
tophâ„¢ï¸,9.1926818182
Larry Johnson,9.1926818182
Cleber,9.1926818182
Vlad_petrov,9.1926818182
Rattpack Armyâ„¢,9.1926818182
Dima Shumniy,9.1926818182
Uncaduv,8.745
ttm007,8.745
SirCryptsalot,8.745
Reginald Egbuniwe,8.745
Tony Clough,8.745
kepeksiz_coin,8.745
Binance_Crypto_Trader,8.745
4thand29,8.745
$BTC & Crypto News,8.745
derrick fredrick,8.745
sosadnesspeep,8.745
Muyiwa Anthony,8.745
Book of Eli,8.745
V-nT,8.745
icenar,8.745
Anto,8.745
Crypto Press,8.745
Felipe R L,8.745
Manuel,8.745
ğŸ˜¸ Ned Johnson ğŸ˜¸,8.745
P. M. Torres ğŸ,8.6673857143
ğŸ’CryptoShadow,8.162
raptorak,8.162
The Career King,8.162
Massah D,8.0941875
Andy Hoffman (#HODLBTC),7.8931668903
Skyzei â˜,7.8705
xX_otto_Xx,7.8705
Steve Zeitchik,7.6613625
ferahnuma,7.579
Crypto Tonic,7.579
Aster demol,7.4957142857
geoffreywolfâ˜‡,7.4004
BTC Maximalist,7.4004
Crypto Coin Guru,7.4004
Bitcoin Emperor,7.3846666667
Mustapha TIJANI,7.3846666667
Jaafar Kapur,7.3846666667
Beth McGrath,7.3794
Risk Taker,7.3794
Louise Lewis FRSA,7.3794
AirdropRadio ğŸ’¸,7.2696
vuong841982,7.2696
JÃ©rÃ©mie Dumont,6.996
NG,6.996
Ramanpreet Singh,6.996
Yum Yum Thai,6.996
T N T,6.996
Anonymous,6.996
keylis Delgado,6.996
dr cryptofan,6.996
Stanly Hill,6.996
ğŸ² Shitcoin visionary,6.996
Blackwater,6.996
isacoin,6.996
Viktorija Sidelnikova,6.996
Billy Womack,6.996
BTC the real #bitcoin Sharon Deles Yabut,6.996
Pete,6.996
Kristian,6.807
Track One,6.807
Matt Endless,6.4944
Pambakti hilal fahmi,6.1495
CryptoUtronix,6.1215
spiroseliot,6.0885
1K3,5.8994
CryptoKnight,5.7558666667
Darcy Bran,5.5503
ChiTownHoppa,5.5503
Cameron Merkel,5.5503
BrutBeardTango,5.5503
CGrbz,5.4456
Taher 37K,5.3741
Andrew Kamal,5.3636
Samir Abdul G,5.30075
Scozz,5.30075
chopi,5.247
sundaycoin,5.247
Ibe Udechukwu,5.247
ã‚¨ã‚¢ãƒ‰ãƒ­å°†è»@ä»®æƒ³é€šè²¨/ã‚¨ã‚¢ãƒ‰ãƒ­ãƒƒãƒ—/Airdrop,5.247
ãŠã‚€ã™ã³,5.247
@germiyanman,5.247
World News,5.247
Biligma,5.247
Granite Geek,5.247
Crypto Bach,5.247
Dimitris Ioannides,5.247
Bank Hodl,5.2139284574
Iftekhar Ahmed,5.1834
CreativeTronic,4.9336
Phil Geiger,4.8708
Phil J Bonello,4.8708
Chrisâš¡Given,4.8708
CryptoCommoner,4.8708
Kevin Pham,4.8708
Asian Gaming,4.77
cryptonite,4.77
musa ÅŸimÅŸek,4.5503824296
danielle mangum,4.505
dweebertology,4.4942
Andres Carceller ğŸ˜ƒ â‚¿ ğŸš€â˜…,4.3725
Bitx,3.8372444444
S@toshi Suzuki ğŸš€,3.8060625
Dream Invader,3.8060625
Andersâš¡mathbot.com,3.7478571429
Victor Khlynin,3.7002
Affiliyfuture 1,3.7002
IMTC Conferences,3.7002
DudeSignals ( HODLGANG ),3.6897
Stephan Livera,3.6348
AwyeeBitcoin,3.6348
Michael Goldstein,3.6348
Hodl Badger [$BTC 50k 2018],3.6348
ãã¾@ã‚¨ã‚¢ãƒ‰ãƒ­ãƒƒãƒ—,3.498
didot,3.498
kavgamin.cicegi,3.498
Bull Of Bitcoin,3.4035
Midcrypto,3.2481428571
Welto,2.9780625
LiL BÎÎ,2.8637818182
asemakula,2.8396875
Dmitry Chernov,2.7261
HODL me tighter âš¡,2.7228
The Experiencer,2.7228
Crypto Dan,2.7228
Alejandro âš¡ï¸,2.7228
yinka,2.643
uche chuks,2.6355
Bella Hemmings,2.4354
HYPEQUAKEâ„¢,2.4354
FiatisShiatâš¡ï¸,2.4354
âœ´ï¸â˜ªï¸Ø§Ù„ÙƒÙ†Ø¹Ø¯â˜ªï¸âœ´ï¸,2.4105791667
Mrsoi290189@gmail.com,2.385
Afandi Husin,2.385
MrCoffee,2.385
SilverSergio,2.385
ookla,2.332
Alex Beadi âš¡ï¸,2.2764761905
Daniel ,2.2471
Altcoinator,2.18625
allthattimes2,2.1420916721
Brady McDonald,2.0421
Crypto Green,1.8942
RacingTrader77,1.8942
Bitcoin Investment Lending,1.8501353718
jovan trujic,1.8455303671
aysenahmetbtc,1.84485
ğŸ“Š,1.82655
Kak Midah,1.8174
darvin bello,1.8174
Javier Luis Pidone,1.8174
Crypto Bagholder,1.8174
Crypto Skater,1.8174
Pennytracker,1.8174
Algocentric Digital,1.749
Chinmaya K Sharma,1.749
Maxim K,1.749
Zad,1.749
olandix,1.749
blkchnr,1.70175
Crypsi,1.6923801044
newown,1.5145
Bitshort ğŸŒ€,1.4135333333
Crypto Nikitovs,1.4135333333
Adem Kul,1.36305
Mohammad Ullah,1.3614
Jack Churchill,1.3614
Bitcoin Talk,1.3614
Rob Harris,1.3614
Kofi Kyeremateng,1.3215
Amber D. Scott,1.2177
Raj,1.2177
Bitcoin Lovers ğŸ˜,1.1773363636
Chonis Trading,1.166
adjiku,1.135875
Eli Sheets,0.8697857143
J-double-R,0.8697857143
mario,0.7563333333
MichaelCesaroni,0.7059111111
timothy lee,0.6807
Bitcoin Price [BTC],0.67413
Crypt0k1ng UnB@nk'd [ÅTC],0.5489789322
Ubay82,0.45435
Jason,0.3423800265
Crypto-World,0.3029
Guille,0.3029
BABI Finance,0.2536875
Airdropking,0.0756333333
Åehmus AbÄ±k,0.0026414485
AMBCrypto,0.0007374872
Bitcoin Empire,0.000725088
finvestmonitor,0
Bitcoin Busker,0
Aulia Rahman,0
Hugo Mtz,0
Create A Wish,0
Mr PepeZ,0
Cryptoplata,0
Bich Tran,0
Hugh,0
Anne Connelly,0
Ken,0
âš¡ï¸BTC europeâš¡ï¸,0
Phoenix Crypto,0
Kamil,0
âšœCHROME HEARTSâšœ,0
Paul  Drummond,0
billy moon soon watson âš¡ï¸,0
BitcoinInterest News,0
Daman M,0
Jorge Rendon,0
#ImDownWithLTC~,0
The Crypto Profit,0
HC/BCD Victims,0
HostSailor,0
The PickleğŸ¥’ğŸŸ,0
SyedMustafaAli,0
Julia,0
Helen 47,0
faith alcober,0
igor,0
nguyen toan phong #beattoken,0
#JibbitICO wulet.io,0
Seth Meister,0
nhubinh1650,0
Alessio Chelotti,0
Ben Williams,0
Linh Nguyen,0
Apps4home,0
Andrea Friedman,0
BitcoinBear,0
âš¡ï¸â™§ BitcoinSLU â™¤âš¡ï¸ [Satoshi Vision],0
JDevil92,0
Shadi Alafenish,0
elhousni,0
Alvaro,0
Adrian X,0
Pangeran95,0
Riamm Nil,0
Mik Kervevan,0
Phil Barkley,0
QuantumCaté‚ªæ¶çŒ«,0
Daniel R,0
Kreg Sinator,0
Hung,0
BTC Friday,0
Nick Ayton,0
CryptoAscension,0
Follow @Vivekomon,0
viviane ribeiro arti,0
Mr. Green,0
Mike Crypto,0
Mauricio,0
QuantaLoop,0
WatchMojo,0
Social Start News,0
Modesty Tristin,0
steven zambron,0
Jeshua D. Noel,0
Aprende X Emprender,0
Ayca Meric,0
Deej,0
Five Cryptos,0
Folkert,0
labilpratama,0
Pengki,0
Fernando Perulles,0
Muhammad anwas,0
JMPV,0
veri nice,0
Eric Scott,0
Cryptomania,0
Etuk David,0
eskailer jose,0
Juri Fab,0
Johnny #XAOS,0
PRICE ACTION OF CRYPS,0
Cryptocurrency,0
CryptoZone,0
Maribel B. Amante,0
Crypto Savior,0
Nancy de Leon,0
Brave New Coin,0
Smaniya,0
P2P Tender,0
waleed,0
âš¡Philip Cleverâš¡,0
Bitcoin Interest (OFFICIAL),0
Tech Help KB,0
Asu Celebi,0
Addy,0
BitcoinAverage - Cryptocurrency Exchange Rates,0
CoinData,0
Top coins prices,0
Rodrigo Aguilar,0
EduArce ğŸ‡µğŸ‡ª,0
DABinside,0
Joshua.,0
Kuzura,0
Akiyoshi Kato,0
Yulanda  Fears,0
Nithini De Silva,0
Vadim,0
Dallas Newman,0
Virginia Marshall,0
Bitcoin Magazine,0
jB #RENEGADE,0
Plymouth Freemason,0
Joe Keasler,0
Network Dynamics,0
Toriola Olaniyi ,0
Jobs4Bitcoins,0
CryptoPatron ğŸŒ,0
Ceren Engin,0
toby,0
Jabermonster Crypto Rider,0
ğŸ‘»Achwaq Khalid.dllğŸ‘,0
Vlasnius,0
escualogris,0
Ben âš¡,0
Twit Markets,0
Canan Pek,0
enisdÃ¼ndar,0
MomI,0
Betul Yildirim,0
CryptoBully,0
Ece Onder,0
Martin Urbina,0
The Cryptomath,0
Agus Hidayat,0
Ana Champ,0
Ini Sumitra,0
Blockchainengineeringjobs,0
Dede Chole,0
CryptoDenverğŸ•,0
Jasys Design Studio,0
ICOs News,0
Nubis,0
ShadeCloud,0
Cryptopatamus [You give me your ETH],0
Ephy,0
Cemre Ayhan,0
Robert L [LTC],0
"LW Wong, PhD",0
JC,0
Criptofinanzas,0
Ela Evliya,0
Peter Lerario,0
Crypto Nostradamus,0
Crypto Feez,0
HODLTHIS,0
Saya Iwasaki,0
Antonio Rodriguez,0
GravCoin,0
Emmanuel Oluwatobiloba,0
david barclay,0
Joseph Falzone,0
Lorenzo Bonardi,0
Matthew Lock,0
Dion Gottlieb,0
Ahmed EL-Mutasim,0
Singularitybooks,0
Ecem Bayraktar,0
cryptonewsbytes,0
Bert Mouler,0
Kim Yong-min ğŸ‘’,0
ICO Bounty Programs,0
Gunbot Results from www.buygunbot.com,0
dilraba,0
Rich,0
Duc Ha,0
Shervz,0
tina r agustine,0
Dilara Cura,0
David Aketch,0
Satoshi Nakamoto,0
ELIF TURGAY,0
Ğ”ĞµĞ½Ğ¸Ñ,0
RecordsHYIP,0
The Crypto Wizard,0
Seren Saltoglu,0
Shabbir Ali,0
Jeff H,0
Colette Grail,0
$tarkiller,0
Manuel Santiago,0
Krum Totin,0
Sevgi Atay,0
Marie,0
King Passive | Julian Goldie,0
Harun  OLXAcoin.com,0
We Babel,0
Nozad Alturki,0
SamCrypto,0
Todo En PC 2.0,0
Frances  Bowman,0
Rafael T.,0
Prediction.vc,0
Hailey Lennon,0
Dave Chong,0
FK,0
ramadhoni,0
#NoticiasOnline,0
Teguh Supriyanto,0
ĞšĞ¾Ğ»Ñ ĞĞ»ĞµĞµĞ²,0
Christian Bos,0
Israel,0
Jackson PÃ©rez FX,0
Pilios Group,0
á—á¶ášá»á“,0
Corie Bouldin,0
HKurniawan,0
Ahmed,0
Stavo,0
Mike Magolnick,0
Bitcoin_Friend |Not Santa Claus No ETH Giveaway,0
xBanagher,0
Ğ˜Ğ²Ğ°Ğ½ Ğ˜Ğ²Ğ°Ğ½Ğ¾Ğ²,0
Halim Shaikh,0
â‚¿it Minute,0
BletherinScotsman-#Justice4Reality#ReconnectJulian,0
CryptoTshirt,0
â˜… FUN 247,0
Simon,0
Future Tech Podcast,0
Lisa Boucher,0
Manofcoin,0
Anna Morgan,0
Noah's Ark of Crypto,0
The5thForce,0
Mandala Exchange,0
Dobro,0
Alan Farley,0
Zeynep Karatas,0
Amedeo,0
Rob,0
Crypto News: C-NEWS,0
Glenn Fearn,0
Fran Paredes,0
David L. Fingold,0
ECE UYSAL,0
Pantera Capital,0
Craig Sobey,0
ih uils,0
Bitcoin Bot,0
clickbaitbot,0
EOSclassic (EOSC),0
pablo loera,0
Alisa Salipi,0
HighFrequency,0
Robert Marchini,0
GroseBauern,0
Britama Wilix âš¡,0
Y5 Creative,0
Konstantin Petrov,0
Etherbit,0
Shaun M.Â®,0
Ed Bishop,0
crypto and growth biz âŒ›ğŸš€,0
Social PR News,0
khaleed shareef,0
Jimmy Cardenas,0
Automata Robo Advisor,0
Bobbidazzler,0
Manhar Gupta,0
Â®ana prince,0
RAS3,0
Xeophin,0
TokenWirtz,0
joao,0
Kubra Akar,0
Alyan A. GonzÃ¡lez-MÃ©ndez,0
Bong,0
Luis Castillo,0
Bitcoinest,0
Saturn V,0
Michael  Harper,0
CryptoCurrencyAlerts.com,0
James Hunt,0
PAVEL DZIATLAU,0
Acorn Collective,0
Cryptosaver,0
HoÃ ng Viá»‡t,0
myCryptoFreedom,0
Blockchain Brad [DGB],0
Ozge Eken,0
bassey david etuk,0
FaTiH ğŸ“ˆ,0
Sami Ghazali,0
Skutch,0
Hunter Smith,0
crytpodash,0
Bilun Aldemir,0
QuiteABitcoin,0
Hugh Nguyen,0
CryptoRobs,0
LetThereBeLitecoinâš¡ï¸,0
SocMediaInfluencer,0
Stefanbanstack,0
Black Book Security,0
Free Airdrop Sharing,0
Raffi,0
Altcoin Crypto Hab0t,0
Crypto Time,0
Grubzy'N'more,0
When lambo? when moon?,0
Adedayo Gab,0
maulana bahas,0
Boris Bateman,0
Ozge Balci,0
The Daily Block,0
5K | RetsğŸ’¯ğŸ”±,0
Crypto Silent Bob,0
Thanhjonhan#TraXionICO,0
CIG,0
One Way To Rich #Traxion,0
Epperly Li,0
Kevin A. Hathaway,0
MannyLo,0
Aus BitCoin Value,0
kindra ahrens,0
Cryptossi,0
F.Y.,0
Ezira,0
Nikitas Dimitriadis (BtcGurru),0
Lesacrimule,0
The Cryptic Keeper,0
Rojo Misin,0
Blockchain Business Index,0
Dee,0
SonofaBitcoin,0
Theo Chino,0
i buy fake internet money and draw lines,0
Ğ Ñ‹Ğ¶ĞºĞ¾Ğ²,0
Mohammed Quraishi,0
GVBE,0
Joanne Falvey,0
0,0
Robby Schwertner,0
Tyler Harris,0
Gizem Yuksek,0
OIL TUN BEER CO,0
BitcoinCash,0
Trade Alike,0
Chuck Russell,0
The Big Data Bot,0
Reggie X,0
Nikko_Tines,0
Cansu Tokat,0
Akany Essien,0
HungryforFA,0
Gerard van Essen,0
SadÄ±k Dur,0
Crypto Coalition,0
Jaek_Rose,0
jnybgood,0
MrLatoz,0
Mr. Rockefeller,0
CryptoCudd,0
mitta Éƒ,0
Cryptocurrency News Today,0
Tobyn Jacobs,0
Irmak Gultekin,0
Fatihh,0
SĞNĞœ,0
Busem Sarikaya,0
Block to the Chain,0
JayFloMo,0
JetRuby,0
Alaaddin koÃ§ak,0
Ù†Ø´ÙˆØ§Ù†,0
I'm good,0
IRMAK ERTURAN,0
Oscarmartinez,0
Channelcom,0
AnySizeDeals,0
flyingTribunal,0
Humberto javier,0
Reynaldi Handrian,0
fjccoin,0
coinctr,0
CHAMP,0
GOKCE BAYDOGAN,0
Cryptos_Alerts,0
Jose A Rodriguez,0
Bitsonline.com,0
MMH Blockchain Group,0
Crypto simplified,0
yudo,0
Uboho  Jonathan1,0
Ø¹Ø¨Ø¯ Ø±Ø¬ÙˆØ¨,0
TradingPlaces,0
Tortsch-Man [LTC],0
Big_Boy (20K  LTC),0
Level 5 Domains,0
Lightning Network statistics âš¡,0
CoinCondor,0
Max Frohburger,0
Abiodun Oluwasegun,0
Darrin Keith (LTC),0
GigaÉƒitcoin,0
Crypto Orcid,0
skylee,0
blue-collar-crypto,0
cryptoline News,0
Scholes,0
Airdropwani,0
moniraeshop,0
Travis Gray,0
Ali Stoner,0
Bitcoinâ€™de Åuan,0
Wolf of All STREETZ,0
ASHA,0
Sandeep B,0
Denis Rusinovich,0
Arj,0
mike Bliss,0
gail simmons,0
Atlanta Tech Events,0
Matt [LTC],0
John L. Bair ğŸ‡ºğŸ‡¸,0
NguyenHuuDai,0
cryptogrind,0
Randy Bean,0
Lillian Hudson,0
Bitcoin debit card,0
Crypto Rebel,0
faisal atjeh shutter,0
mk777,0
OuadieTech-PRO,0
Äáº¡i Minh Quang,0
Oladipupo Abolade.,0
Dinos Koud,0
GÃ¡i D- Ã‚- M,0
Blocktrak,0
Alexa,0
Charles Rollo,0
Huynhgiaminh,0
Scott,0
Lucky Hamster,0
Durandale,0
LGBT SAI GON,0
BILALN,0
tanveer ahmad,0
Danny,0
Juego de Gato,0
Stephan Best,0
ZÃ© Dias,0
Joey,0
Gabriel tirado,0
Mrendy1,0
Primate B.Adex,0
Sandeep Shenoy,0
VÅ© Viá»‡t Anh,0
Ella Malone,0
Jerome,0
Thomas J Sharpe [LTC] âš¡ï¸,0
Mihai@Strim.me,0
ornel,0
Hans,0
Big Sexy [#HODL],0
Workin2005,0
matrixsojourner,0
CryptoCloaks,0
Blockgeeks,0
Stephen Dummett,0
sarah hunt,0
CryptoHODL_Amit,0
Darryl Woods,0
Mauri,0
Johnny BKK,0
BITCOIN-Jose,0
Sue123,0
ğŸ´ó §ó ¢ó ¥ó ®ó §ó ¿ Mr Mickey Mouse Maestro ğŸ‡¬ğŸ‡§,0
Ben10,0
Greg dela cruz,0
Vella (Real account from April 2016),0
HodLologi$T,0
Cabuxo,0
Node Predator,0
Innovation Hub,0
Leonidas,0
Matt Smith,0
mybitcoin,0
Ron Pauley,0
Raptor Computing Sys,0
Redeye057,0
rosamond bertschi,0
CJ Libertarian,0
fwd,0
CRYPTSTARTÂ®,0
KK,0
Electrominer,0
Lady Gaga,0
Ibrahim Alsinan â™ ï¸,0
Moses Eboigbe,0
ã‚¨ã‚¢ãƒ‰ãƒ­ãƒƒãƒ—ã•ã‚“,0
Cryptophrenic,0
WeOnStyle,0
Crypto ICO Coup,0
LaurağŸ‡¬ğŸ‡§ğŸ‡ºğŸ‡¸,0
view crypto,0
NavCoin Community,0
ĞĞ»ĞµĞºÑĞµĞ¹,0
Adebisi olalekan,0
Passive BTC Daily!,0
Rafal S Lackorzynski,0
Aleksandr,0
Crypto Mark,0
thetacit1,0
Onwuachu Innocent,0
ğŸ”´MilanLegends.comâš«ï¸,0
Crypto Geek,0
awr_00,0
Johnnycab,0
RabbYeaux Pherro NIX,0
Amelia,0
bigwolb,0
Timilehin Agunbiade,0
bitbookin,0
CryptoRacer,0
Philip Kennedy [BTCâš¡ï¸],0
Lunar Digital Assets,0
AB,0
Obeskasep,0
GaldÃªncio,0
Ihemebiri Chinazo,0
Exchanger - Encasher [LTC] [VTC] [NANO],0
Nessuno,0
zonkism,0
Maximo Poder,0
Blockchain WTF,0
SportVEST (SVE),0
"bogdacat, CEO of Bitcoin.com",0
Yield 101,0
scott,0
Vortex [Not giving away crypto],0
Blockchain Informer,0
Vicki Lee,0
âš¡ï¸Crypto Orleansâš¡ï¸,0
Ğ¢Ğ°Ñ‚ÑŒÑĞ½Ğ° Ğ¡ĞºĞ¸Ğ±Ğ°,0
CryptoTee,0
Bitcoin fan,0
Humayun Altaf Khan,0
Irish Girl Cryptocurrency,0
#IncomeMachine,0
tomdicky,0
Terri Howards,0
Invest Altcoins â¤âš¡ï¸ ğŸ‡¬ğŸ‡§,0
Crypto.IQ,0
Crypto-hub,0
Krypto,0
Erik F. - NulleX Team - NLX,0
Bitcoin Babe,0
TokenTalk,0
Wu Yiren,0
Sourcingstocks,0
âš¡Jovian Tempestâš¡,0
omar,0
ĞĞ°Ñ‚Ğ°Ğ»ÑŒÑ,0
Cloud Expert,0
Oscar Macias,0
Dave Bennett,0
Tung Tung BB,0
Scarebear,0
Crypto Yooyee,0
Tomant,0
John M. Spallanzani,0
Davie Darko,0
Litecoin Surfer,0
Kris,0
Bitcoin Price Ticker,0
Anonymous World,0
ğ•­ğ–†ğ–•ğ–ğ–”ğ–’ğ–Šğ–™ âšœï¸,0
Joshua Conway,0
OceaNğŸ‡¦ğŸ‡º,0
Frosa,0
âš¡CRYPTOLOGISTâš¡,0
Lilla Bracken,0
Elygantthings,0
Agdal,0
Justin R. Andrusk,0
Crypto Shaf,0
xDystopium,0
Charlene Foster,0
hoangle1523#TraXionICO,0
Yadavinder Gill,0
ğŸ‹,0
manlost111#TraXionICO,0
martina castro,0
NicolÃ² (å°¼ç§‘æ´›) Tilotta,0
Spin Bits,0
Crypto_techs,0
kapil bhola,0
SilverCalculatorApp,0
Live Generously,0
eso [LTC],0
bitcroc,0
JL Westside â›¹ğŸ½[VTC],0
Krishna Bogati,0
Berminal,0
Eberendu  Ikechukwu,0
AndrÃ© the GIANT âš¡ï¸,0
LowFloatMix,0
Mitch Lee,0
Superdescuento,0
lawrence,0
Social Tweets,0
Coin Wall,0
NGUYEN TIEN THANH,0
R.J.,0
JT,0
Sridhar Chandra,0
slabhatnik,0
A v B âš¡,0
Vindyne8,0
CryptoHomeless,0
zeeshan khan,0
Brian Smith,0
Marco,0
Ğ”Ğ¸Ğ°Ğ½Ğ° ĞĞ±Ñ€Ğ°Ğ¼Ğ¾Ğ²Ğ°,0
CoodyğŸ˜,0
enesbalcÄ±,0
vinoth rajan,0
[ Romano ],0
Risha,0
Horizon Unseen,0
Brian [bitcoin.ORG] âš¡ï¸,0
Michael Ilano,0
#XVG# [â˜‡50K_BTCâ˜‡] KryptoMarv #HODL,0
Airdrop Alert Crypto Bounty,0
Jimmy Jones,0
zervreil,0
dedushka2030,0
"Berry ""Dude"" James",0
~ ani 4 ~,0
bob del,0
Kocsis GergÅ‘ [$OCN] [$TRX] [$ECC] HODLER,0
CriptoGeek,0
Erik Voorhees,0
Gabriel SR ğŸ“¡,0
~,0
DT,0
yemekyapmak,0
SAFEX-KyeBalls,0
sxthecool,0
Cody,0
Coin HODL ''Cryptologist'',0
wawin,0
Ro,0
Mustafa,0
CRYPTO AIRDROPS BOUNTY ğŸ“¢,0
Christopher Inks,0
MommaMarDee,0
Ricardo GonÃ§alves,0
Serge A Ruzeck Bitcoin ESQ.,0
#InitialJeepneyOffering,0
Sem Polom,0
Wolf 1061c,0
Curi Cryptolover,0
ICO,0
Nguyá»…n TÃ¢m Hiáº¿u,0
Keiser Report,0
dailytorman,0
Jacov,0
pokerbjj,0
Abijo Damilare,0
Hypron,0
jbcryptohğŸŒšlicğŸš€[TRX][XRP],0
crypto carnage,0
Manoj Kumar,0
Lili From Philly,0
crypto miah,0
Sam (TheCryptoAnalyst),0
Asch22,0
BIG BAD THANOS,0
Dmitry Vorobjov,0
CryptoCrazy,0
NulleX,0
Bitcoin EDU âš¡ï¸,0
Coinatory,0
Amir Blumencoin,0
ÄoÃ n Thanh TÃ¢m,0
lyn shanker,0
CryptoSoCal,0
mohssin farid,0
Hunter Riley III,0
ğŸ…´ğŸ†…ğŸ…°ğŸ…½,0
Airdrop Crypto King,0
Veeka O,0
YayaCampuzano,0
dan marketcapetanos,0
Game of Coinsâ„¢,0
CreamTeam,0
Cryptocloop,0
DiegoRam,0
Ahmed Zahari,0
Sony joss,0
nonya [LTC],0
Bitcoin Yusuf,0
Voice Casino,0
FUnderwood,0
ganzocrypt,0
Longhash,0
allyouneedtoknow,0
stoolander,0
Osama,0
victorio sansano,0
GovCloud Network,0
johnny aksesoris,0
Leojjang,0
DeoDIVINE #Crypto #Airdrop #ICO #bounty #BTC #ETH,0
Jaldin Juan Pablo,0
Rasyonel,0
Felicity Mills,0
Synthego,0
Juan JosÃ© Mena Costa,0
Dorman Martin,0
Donna Yobs,0
Ian B,0
Maria,0
ICO Notify (Arwin),0
#follo4follo,0
cineenlasvenas,0
delicia.io,0
Cryptoangel,0
Tracy A. Butcher,0
pumpteamgroup,0
Joyce,0
Dwi Erna Widiastari,0
Warner UrbanğŸ›¡ï¸,0
Entrepreneur,0
ĞĞ¸ĞºĞ¾Ğ»Ğ°Ğ¹ Ğ¡Ğ¾Ğ±Ğ¾Ğ»ĞµĞ²,0
Sebastian,0
ĞšÑƒĞ»Ğ¸ÑˆĞ¾Ğ² Ğ’Ğ¸ĞºÑ‚Ğ¾Ñ€,0
Douye,0
äº”å³è¡›é–€@ä»®æƒ³é€šè²¨,0
Crypto Bitcoin,0
Ğ­Ğ´ÑƒĞ°Ñ€Ğ´ ĞœĞ°Ñ€Ñ…ĞµĞµĞ²,0
Warren Buffet,0
Dr MHJ,0
Robyn,0
Jaouad,0
Keybox - The Distributed Vault,0
LitePay UK,0
ahmad,0
Big Crypto,0
BetFast.com,0
Crypto Growers Int.,0
Alex Ryabov,0
Peachberry,0
Thomas SGAT,0
Reuters Legal,0
TheProfessor$TRX$OCNè´¾æ–¯æ±€æ–°é—» Ecosystem,0
beckie tellke,0
Stephen Fleece,0
Jeff Rufino [Blockchains],0
Conservative Review,0
Huyá»n linh,0
Crypto Kells,0
Deadhouseplant,0
Lindsey Verge,0
Cesar Tagami,0
clementine lavalley,0
Katrina Adame,0
OsaidBKâ­ï¸,0
Apex Technology,0
leeda,0
Casper Johansen,0
Christopher Ralphie,0
Dmitry Dmitriev,0
Fitzroy Irvin,0
CryptOrdoSeclorumğŸ‘‘,0
internationaltaxation,0
matt anderson,0
Tobore,0
Ana Galuzinskaya,0
Marko Omcryptokus,0
NoSQL,0
jang nam,0
Pedro Marrucho,0
Alara Altinok,0
@PETARZJAKOVAC,0
AJ - Noxzilla,0
Clay,0
Hansi,0
Forex Brokers Review,0
Ekpobo Edidiong,0
BitWolf,0
Nancy Not Pelosi,0
crypt0cranium,0
StratisAdvisory,0
Matthew J. Shaw,0
CryptoAnalyst,0
Lost in chains,0
CarieCrypto,0
Annetteâš¡BTCâš¡LTC,0
Caty ğŸ¦˜ğŸ‡¦ğŸ‡º,0
â„­ğ”¥ğ”¯ğ”¦ğ”°ğ”±ğ”¬ğ”­ğ”¥ğ”¢ğ”¯ ğ”šğ”¥ğ”¢ğ”¢ğ”©ğ”¢ğ”¯,0
Cynthia Barbour,0
JohnJohn,0
Zach Piester,0
Richard Sterling,0
Nunya Bizniz,0
Thai Ngoc Thinh,0
#100x #zil #zilliqa #credits #omg #ven #vet,0
Tony Aremo,0
Pablo Marin,0
Crypto Digest SAM,0
Net DirXions Inc.,0
rahul sahu,0
Nguyá»…n Nam PhÆ°Æ¡ng,0
A MASHREGHI,0
âœ¨bel dandoloâœ¨,0
GlennEU,0
CREAM cryptocurrency,0
Shiwen Yap,0
bitcoin_freakk,0
TD Ameritrade Network,0
ChainBytes,0
"Nick van Terheyden, MD",0
Kyla Lise,0
daniel orsi,0
Neil Pullen,0
Bit by Bit âš¡ï¸,0
River Boudreaux,0
Javier Ortega Conde,0
Curtiss Archer,0
Aslihan Sezgin,0
Aztec Gold Hero,0
WiZzO [ $BTCP ],0
ig : Rizal_Ariant,0
nifty james,0
Jaqueline Lis,0
Paul,0
Î•Ï…Î±Î³Î³ÎµÎ»Î¿Ï‚ ÎšÎ¿ÏƒÎºÎ¹Î½Î±ÎºÎ·Ï‚,0
Vika Secrets,0
Natalie Madrigal,0
ben franz,0
Hamza,0
Krypto Jackpot,0
Cezary Graf | CRYPTO POLAND,0
Ben McDonald,0
Maia Dye,0
douglas taylor,0
PeerReviewBotter,0
Sergio GaytÃ¡n,0
ä»®æƒ³é€šè²¨ãƒã‚³ã‚¿ãƒŒ,0
dee staunch,0
Jimbe,0
TheUltraAliens,0
Shane Fogle,0
Hey Auntie..ğŸ‘‹ğŸ¾,0
disyanggeina,0
Get Triggered,0
J,0
Connie Gallippi,0
Manager5555,0
SV,0
elianto,0
Luc3ro,0
Manuel Hector Galan,0
altcoinsynergy.com,0
Spawny Crypto,0
Liberty Conservative,0
Crypto Currency,0
Astira.vestira,0
Heru Purwanto,0
Ash,0
CryptoTractor,0
Joseph Knoff,0
Coach Nesto,0
nghien,0
Veroxis.,0
Earnest Funship,0
giannis diam,0
Global Entrepreneur Summit,0
Alex Alex,0
tuyenvlk29,0
The Invisible Podcaster,0
CRYPTO 101,-0.2202909091
David Simonoff [Crypto],-0.2431071429
Soloking,-0.3029
Dhin,-0.34035
The Currency Analytics,-0.6727636364
Nathan Simmons â˜ï¸,-0.9076
Juan,-0.9076
Clarke B,-0.9087
Nate,-0.9087
AirdropMarket,-0.9282272727
Charlie Shrem,-0.9282272727
Ruslan fenogen,-0.9282272727
Courtney M. Shrem,-0.9282272727
Selphie Alfiora,-0.9282272727
SilverCrow,-0.9282272727
Ğ®Ñ€Ğ¸Ğ¹ ĞšĞ¸Ğ¼,-0.9282272727
Forex Max,-1.0688333333
Crypto Enthusiast,-1.135875
John Blaze,-1.2177
Le Quoc Viet,-1.2177
Domasâš¡ï¸,-1.2177
Katie Homes,-1.2334
lucas,-1.2391363636
Wind Mine,-1.2391363636
kibaten,-1.2391363636
phneep,-1.31602
cusaps,-1.3465281818
JuliÃ¡n Castro,-1.3614
Leo Jdbr,-1.3614
Salih Sarikaya,-1.3614
Ğ¡ryptoĞ¡ash Alex ğŸ‘‘,-1.3614
bang's,-1.3614
Elaine Shi,-1.3614
Cash - Tag,-1.3614
DJR,-1.4812960227
Sifarath Roshan,-1.5144440769
ĞĞ»Ğ¸Ğ½ĞºĞ° Ğ’Ğ¾Ñ€Ğ¾Ğ½Ğ¾Ğ²Ğ°,-1.5145
Rahul Sood ğŸ¦„,-1.5883
Maze9902,-1.6236
Fairuz_Devone,-1.6605
Dadan kurniawan,-1.6605
John O Amazu,-1.6605
Bitcoin Alliance IND,-1.6605
Chiemela Nwagbara,-1.6605
Tam Le,-1.6605
GESSILDA,-1.6605
ĞŸĞ°Ğ¼Ğ¿Ğ¾Ñ‰ÑƒĞº ĞĞ°Ñ‚Ğ°Ğ»Ğ¸Ñ,-1.6605
Danny Kass,-1.6817166208
PaulPog41365694,-1.685325
$Pirl,-1.70175
Asrem Chendo,-1.70175
Alberto Daniel Hill,-1.749
The CoinChaserÂ®ï¸,-1.749
Retweets WorldWide,-1.7533181818
cryptoaddict,-1.8174
Luis Medinelli,-1.8174
Bang Ngah,-1.8174
Bash,-1.8174
Tuan Tran,-1.8174
Uma,-1.8174
Isaac Arnault,-1.8174
Ronalyn Panes,-1.8174
Block Frontier,-1.8174
Bryce Hamrick,-1.8174
å¸°è·¯ã†ã—ãª,-1.8174
Leonardo Martinez,-1.8174
Diyon,-1.8174
Andy,-1.8174
wangchFX,-1.8501
zazazu,-1.8501
star d.,-1.8501
OÌ¸ÍÌŠÌƒÌ¿ÌºÌ²hÌµÌ‰Ì†Ì¡Ì»ÌœÌ®ÍœS34,-1.8564545455
BETUL  DOGRUL,-1.8564545455
Crypto Pafi,-1.8564545455
how slash why,-1.8564545455
zannatol nayem,-1.8564545455
news on finance,-1.86714
syed Fayyazul Hassan,-1.9389636364
Mixalych901,-1.9448571429
airdroponline24,-1.9448571429
Crypto Trader,-1.94832
Matt Miles,-1.94832
Dan H.,-1.9774551136
Puto Pako,-1.9774551136
Useacoin,-2.0376909091
Peace,-2.0400596964
LÃª Thá»‹ PhÆ°Æ¡ng Tháº£o,-2.0421
o,-2.0421
Hoang Xuan Minh,-2.0421
ã‚¢ãƒ¼ãƒ„ä»®æƒ³é€šè²¨,-2.0421
Paul Morris,-2.1203
Eric Meece,-2.269
Houston,-2.27175
Latitude Blockchain Services,-2.27175
John Setcher - Crypto Expert,-2.27175
Michael DaCosta Babb,-2.312625
Lonzo Jackson,-2.312625
DeniseAQueen,-2.3405909091
Victor MESTER,-2.3649802597
Daniel Rice,-2.38245
alan laserna,-2.38245
CyrilGaab,-2.3895444444
Soba Recovery Center,-2.4206999442
Scott B. Suhy,-2.4232
Jay Daron,-2.4354
Dylan Graham,-2.4354
Crypto Bible,-2.4354
J White,-2.4354
Matony,-2.4354
KriptoMania77,-2.4354
Gnr,-2.4354
Aasif Lone,-2.4598
Airdrop Crypto Daily,-2.4782727273
ğŸ´â€â˜ ï¸Captain CryptoğŸ´â€â˜ ï¸,-2.4782727273
Jill Sanderson,-2.4782727273
Captain Altcoin,-2.4782727273
RAFIK KING,-2.4782727273
Stack âš¡,-2.4782727273
Inferno Infinity Academy,-2.4985714286
Vern Lovic,-2.5097428571
Manny Perez,-2.5097428571
JCğŸ¤‘,-2.5097428571
ben-iyieke,-2.5228636364
yay crypto,-2.5228636364
Beuzzz,-2.5228636364
Tha Overlord,-2.5228636364
Denis David,-2.5228636364
Mark Genesis GaÃ±ac,-2.5884181818
Kim Chen In,-2.5962857143
Rupakk  chakma,-2.5962857143
Rushy Silas,-2.5962857143
P'nam asiva eugene,-2.6342207411
geraldongo,-2.7228
Shinchan,-2.7228
Blockchain Case,-2.7228
Saul Theis.,-2.7228
AnaV,-2.7228
Tooraj Enayati,-2.7228
Jack Pot,-2.7228
Paul Richardson,-2.7228
MaxKeiserIsGOD,-2.7228
Invest. Digitais,-2.7228
Eplemos5life,-2.7228
kelvin lam,-2.7228
Encrypted,-2.7228
Bitfish,-2.7228
Gresham INTL,-2.7228
GCC Cat,-2.7228
Eszter,-2.7228
enjoying the ride,-2.7228
WGC,-2.7261
VTT,-2.7261
ilyass / KitKaT,-2.7261
George Colon,-2.8740666667
Marcel Xavier,-2.8740666667
prokofiev86,-2.9172857143
Bounty,-2.9497
Leroy Bigsley,-2.9497
Ğ¯Ğ½Ğ° Ğ“ĞµÑ€Ğ¼Ğ°Ğ½Ğ¾Ğ²Ğ¸Ñ‡,-3.0045855491
VVIP,-3.029
Russell Weetch (Urban Cohort Blockchain),-3.029
carls,-3.029
Robt,-3.04425
Cixeo â˜,-3.06315
Abdullah Al Mamun,-3.0835
Jacob,-3.1365
Mora Sky,-3.1365
Hit The Bell ğŸ‘‰ğŸ¾,-3.1365
RetroSheep.com,-3.1766
The best Airdrops!,-3.19774
scared_popperr,-3.2208851019
Alex Javdanitehran,-3.2472
Roaring Brain,-3.321
BlockDiscover.com,-3.321
Promo Pig,-3.321
HammerDown,-3.321
WearsMyLiberty âš¡ï¸,-3.321
kathleen  OLXAcoin.com,-3.3319
Chris Lopez,-3.348675
CoinStaker,-3.37065
Arjun ghimire,-3.4035
AnyaFenko,-3.4035
Ronco,-3.4035
crypto_timelord,-3.4035
putri naloo,-3.4035
marco,-3.4035
â“‹in â’¶rmani,-3.4035
AIEVE,-3.4035
eglinton,-3.4035
dumbwire TechNews ğŸ“Ÿ,-3.4035
Mance Rayder ğŸ’­,-3.4035
CrypticApe,-3.4035
Tartini à¸¿,-3.4035
badranaya,-3.4035
Banty,-3.4035
OmarGodDotCom,-3.407625
CriticalMassGym,-3.4439566099
TheMmp #ICO,-3.4686
Bitwitch08,-3.4686
De_Miro,-3.4686
Eduardo GutiÃ©rrez,-3.4686
Ğ—Ğ¾Ñ ĞšĞ¾Ğ»ĞµÑĞ½Ğ¸Ğº,-3.4686
David DHL Lee,-3.4784350226
Chuba | TGC,-3.4791428571
KaTemo | Capital,-3.48335
Slsbdvs,-3.498
Eldo,-3.498
Sophia May,-3.498
Rodrigo Fernandes,-3.498
hardt,-3.6348
Lafong,-3.6348
brent nimeck,-3.6348
Jamie,-3.6348
ğŸ‡®ğŸ‡¹ à¸¿-Niceâš¡ [25à¸¿] [2018],-3.6348
[ Adalberto ],-3.6348
AndrÃ©s carne de res DÃ­az,-3.6348
Kimen,-3.6348
[$SHIP]MarketMogul,-3.6348
Ajuoga,-3.6348
Crypto Knowledge,-3.6348
Crypto Chuso,-3.6348
Ebrahim Amer,-3.6348
GigaNickels,-3.6348
Sorgon Wittaku/ç±³å…ˆç”Ÿ,-3.6348
Kevin Piciulo,-3.6348
Anders Rytter Hansen,-3.6348
BIconnections,-3.6348
Nikhil âš¡ï¸,-3.6348
Crypto Harmonics,-3.6348
M.R ArpÃ§y,-3.6348
Ğ’Ğ¸ĞºÑ‚Ğ¾Ñ€Ğ¸Ñ Ğ ĞµĞ·Ğ½Ğ¸Ğº,-3.6510272727
Salma Wulan,-3.6531
Nicholas Ward,-3.6531
ã¨ã‚‚,-3.6531
Vladimir Praktika,-3.6531
tet,-3.6531
Rommy,-3.6531
airdropMRAIç›¸äº’ãƒ•ã‚©ãƒ­ãƒ¼,-3.6531
Learn Crypto Now or Cry Later.âš¡ï¸âš¡ï¸âš¡ï¸,-3.6759848834
Kryptosvet,-3.6897
alwija,-3.7002
-WaT-MaReLiS,-3.7002
Luxo,-3.7002
Ethereum Fan,-3.7002
Obi Jamp,-3.7002
cryptonws,-3.7002
Frank Nguyen,-3.7002
Ahmet Crovo,-3.8367333333
Latifa Bouri,-3.8367333333
RUN_START,-3.8897142857
Robin,-3.9377
Sarah,-4.059
Robert Q Cash,-4.059
DejaVu_Crypto,-4.0842
Jay Westmore ğŸ‡ºğŸ‡¸,-4.0842
Kevin Di Sotto,-4.0842
Crypto Raven,-4.0842
Shafique Ahmed,-4.0842
Crypto Med,-4.0842
SkyPree Marketing,-4.0842
deanmccann,-4.0842
Aang âš¡,-4.0842
Crystal Ball Research,-4.0842
PHX Crypto Coach,-4.0842
sss,-4.0842
bzrk,-4.0842
Ğ“Ñ€ĞµĞ¹Ñ,-4.1304545455
Nodus Tollens ğŸ”,-4.1490285714
crazy4crypto,-4.26195
Farid Hawami,-4.4870894195
Kenvin,-4.4872245761
DonorTiles,-4.5430233333
True Blood Fans Aust,-4.5435
valentin,-4.5435
Ğ’Ğ°Ğ»ĞµÑ€Ğ¸Ğ¹ Ğ¡Ğ»Ğ¸Ğ¿Ñ‡ĞµĞ½ĞºĞ¾,-4.5435
Crypto Coin,-4.5435
D Nguyen,-4.5435
tweetinsurance,-4.5435
Cypto_Hodler,-4.5435
Ghulam abbas,-4.5435
Elie Maker [LN],-4.5435
Marcos M,-4.5435
Froi,-4.5435
Bitbuy.ca,-4.5435
Zeus,-4.5435
shanda diveny,-4.5435
Kevin Monserrat,-4.5435
Cryptoknight,-4.566375
MasterdubsOfficial,-4.62525
BTCNN,-4.62525
Ù…Ø­Ù…Ø¯ Ø®Ù„ÙØ§Ù† Ø§Ù„Ø¸Ø§Ù‡Ø±ÙŠ,-4.6397083333
amine steinberg,-4.664
Victor Li,-4.664
JTC,-4.7654090909
I_sp4culate,-4.8708
Rodney Tambling,-4.8708
Omer Shaik,-4.8708
Ben lockett,-4.8708
Anak I.T.,-4.8708
Fer Ortegaâš¡,-4.8708
Hubert,-4.8708
Wednesday Atoms,-4.8708
Marraud des Grottes,-4.8708
Coinqueror,-4.8708
RubÃ©n NuÃ±ez,-4.8708
CriptoZone,-4.8708
Ruan du Plessis,-4.8708
ĞĞ±Ğ´ÑƒĞ»Ğ° Ğ¥Ğ°Ğ±Ğ¸Ğ±,-4.8739363636
CryptoNerds!,-4.9196
Bennyblades,-4.9196
FIELDSofGOLD,-4.9770247799
houngjunkim,-5.0314090909
ğŸŒºMIHOğŸŒº,-5.0314090909
Weslei Rodrigues,-5.0314090909
MrCryptoKrabs,-5.0457272727
åƒçŸ³,-5.0457272727
Coindollo,-5.0457272727
BitcoinAabdar,-5.0817783444
Kane McGukin,-5.1098
TARIK HASBI,-5.1414
Cryptoâ¤ï¸FireğŸ”¥MerchğŸ‘•,-5.1414
Hamid Bender,-5.1414
Bitcoin Squirrel,-5.166
ğŸš©JIXSA ğŸš©,-5.1925714286
Imi Farkash,-5.1925714286
Jose Arteaga,-5.1925714286
get maxcoin,-5.1925714286
Kelly Sanders,-5.247
ispotify,-5.247
Crypto Top Charts,-5.247
Linh HÃ¢n,-5.271
Ivan Anwar,-5.2767
alikenan123,-5.2767
Lebechi omeje,-5.286
Spreadstreet,-5.4413333333
joÃ¨l b,-5.4456
Cashing Tickets,-5.4456
SpazTastiK *Might give away ETH*,-5.4456
matchupmaker,-5.4456
Jonathas Carrijo,-5.4456
Jim Kemper,-5.4522
*,-5.4522
Crypto Duranii,-5.4522
"Doug Wright, MBA",-5.4522
Stray1,-5.4522
CryptWalker,-5.4522
DoomDumas,-5.4522
lor3m,-5.4522
Cor Blanksma,-5.4522
Crypto Rogers,-5.4522
Beau Stoner,-5.4522
Moses Mungai,-5.4522
David Ikewood,-5.4522
Alvaro GarcÃ­a,-5.4522
Engr.Irfan Meo ğŸ‡µğŸ‡°ğŸ‡¨ğŸ‡³,-5.5503
mikopa,-5.5503
Neo Cash,-5.5503
ã²ã‚ã“ã•ã‚“ã€‚,-5.5503
Nico,-5.5503
Muhammad888,-5.5503
Marquez Comelab,-5.5810538611
Angel Hess,-5.6725
jeongkyomin,-5.679375
Draper University,-5.7826363636
Coolwired,-5.78595
Olumide Emmanuel,-6.0322216407
Pontificate,-6.0506666667
Olivia Shepherd,-6.06144
Evary24,-6.087439723
RAMSES GOPO,-6.0885
Mobile Dimension,-6.0885
thinkinghuman crypto,-6.0885
Ø³Ù„ÙŠÙ…,-6.0885
Frank Ferrer,-6.0885
CARIBBEANCRYPTO,-6.0885
Heisenberg Capital,-6.0885
Juan Llanos,-6.0885
Loans and Income,-6.0885
pump no dump   #beattoken,-6.2310857143
Ø¹Ø¨Ø¯ Ø³Ø¹ÙˆØ¯,-6.3738272727
jenniferlopez,-6.4907142857
Amore Mio,-6.5313
Scott Howard,-6.6638
slava,-6.69735
ĞšĞ¾Ğ½ÑÑ‚Ğ°Ğ½Ñ‚Ğ¸Ğ½ ĞšĞ¾Ñ‡ĞµĞ³Ğ°Ñ€Ğ¾Ğ²,-6.69735
Richard Switzer,-6.7413
Savage Investor,-6.807
Geoffrey iyke,-6.807
Î´hÎ”Î³lo0Ï‰,-6.807
MD Moynul hasan  #savedroidICO,-6.807
TriippyyğŸ§šğŸ¿â€â™€ï¸ğŸš¬ğŸ‘‘,-6.807
Ukah Akajiaku,-6.807
Maison,-6.807
OLUFEMI,-6.807
rockkill,-6.807
Qisbil,-6.807
Moh. Rafiq,-6.807
Pantelis Roussakis,-6.807
Jonel Rojo,-6.807
SKS Invest,-6.807
Byron Hartman,-6.807
Andi,-6.807
Leones mehedi hasan,-6.807
Arga permana,-6.807
Petrich,-6.807
Powpow,-6.807
Ron Gonzalez,-6.807
Jawad delta,-6.807
sakiko,-6.807
deden,-6.807
shanrobles,-6.807
FinalShare  Airdrop Only,-6.807
Zarah,-6.807
Wahyu Baili Rahmanda,-6.807
Ù…Ø­Ù…ÙˆØ¯ Ù…Ø¬Ø¯Ù…ÙŠ,-6.807
juyeon Hong,-6.807
Aditiya Setiawan,-6.807
Shaimaranbir,-6.807
Dan,-6.807
GrannyGrace,-6.807
Luckynany$XRPğŸš€ğŸš€,-6.807
AltCoynz,-6.807
Tedd Huff,-6.807
Chigozie Damian Isaac,-6.807
Yahya,-6.807
nabilgaul,-6.807
Feby Arafah,-6.807
ICO Detector,-6.807
Xxx Coin,-6.807
Hammed sodiq,-6.807
Joe Price,-6.807
nCrypto,-6.807
Supardi Takhir,-6.807
Simon Komba,-6.807
Tito Torres,-6.9582857143
Mark Herrington,-6.9582857143
Foundercry,-6.9867071306
BallStreet Trading,-6.996
Crypto Boye,-6.996
Krypto Knights,-6.996
Scott âš¡,-6.996
mardhika kusuma bangun,-7.001775
Viki S,-7.14735
"$700,000 USD Future Crypto value",-7.2696
Media Tweets,-7.2696
FJ,-7.2696
Ashish Kumawat,-7.2696
JW Weatherman | mathbot.com,-7.2696
Adebayo lekan,-7.2696
David Chatarrero,-7.2696
Ipaye Odunayo,-7.2696
EggTank,-7.2696
butterstuff,-7.3062
Larry,-7.3062
Jeffreyspinal,-7.3062
Jimmy,-7.3062
GoldLord,-7.3062
Ace Boogie,-7.3062
ItaintCrypto,-7.3062
crypt0steve,-7.3062
Tim Mueller,-7.3062
Jake Adelstein/ä¸­æœ¬å“²å²,-7.3062
Lejo( The Bottom is Near ),-7.3062
covertress,-7.3062
Blockstake,-7.3062
Thomas L. McLaughlin,-7.3062
Gbarn,-7.3062
IsraelPalmaSebastiÃ ,-7.3062
Tyler Courtney,-7.3062
Andy VanDyke,-7.3062
CryptoTrader.Tax,-7.3062
Fortinho Consulting,-7.3062
flowers âš¡,-7.3062
Brett Russell ğŸŒ,-7.3062
Maxmad,-7.3062
24 Crew,-7.3062
Boris Popovich,-7.3062
Yamatho Supply LLC,-7.3790948862
REITIUM,-7.3793209497
Viki Lovekaty,-7.3794
Matthew G.,-7.3794
Thuy Trang Hoang,-7.3794
1DOLLAR,-7.3794
Jennifer Fernandez,-7.3794
Ra's Al Ghul [OHMCOIN][LTC],-7.3794
George-Robert,-7.4004
www.wrongthink.net/DavidJamesJnr/ âš¡ï¸,-7.4004
M K Munir,-7.4004
Aaron Hughes,-7.4004
Aaron Ryals,-7.4004
BlockchainSlim,-7.4004
Crypto Yourself,-7.4004
Paola Calicchia,-7.4004
Camille Lagueu,-7.4004
trafik,-7.4004
MarkoPro',-7.4004
Cryptoniteâš¡,-7.4004
Tino,-7.4004
The Boogeyman,-7.4004
HudsonProdigy,-7.4004
Adam Goodwin,-7.4004
Robert Knapp,-7.4004
Crypto Daku,-7.4004
Your Brain on Blockchain - Sandro Loi,-7.4004
Nadav David,-7.4004
Zgred Marsden ğŸ‡µğŸ‡± ğŸ’¯,-7.4004
Nd~,-7.4004
Crypto Bulletin,-7.4258181818
Joshua Bruce,-7.4877
F a h a d  Z a f a r Â°,-7.651875
Grace Vo #TraXion,-7.749
Rachidou Mba,-7.8115333333
Samar Edward,-7.8115333333
Proietto shyamasunda,-7.8754
Slaven  Å ekuljica,-7.929
W3Techy,-7.929
Mehmet21,-8.016525
Steven Nerayoff,-8.016525
Aâ€â€rif Bestari â€â€,-8.0171
CryptoJoker LTC,-8.118
CutebootyPoet,-8.1684
Erica Meyer,-8.1684
Emre,-8.1684
Jonathan Willems,-8.1684
Marvin Stone,-8.1684
Sasha's take on evolution,-8.1684
CryptoGodzilla,-8.1684
Keirah,-8.1684
â˜…LegacyInvesting.net,-8.301825
Lemar Briones,-8.4095454545
ahmed p,-8.4835494545
Crypto Adam AVFC,-8.5239
Ulvan,-8.5239
INFOonBITCOIN.com,-8.5239
Bilal Mahmood,-8.6338
TheButcherOfCrypto,-8.745
Siam Murzen,-8.8463874241
Darrell MacMullin,-8.9298
cyndiora,-8.9667
abud,-9.087
POPE H,-9.087
Adeleke Taofeek,-9.087
Bobman,-9.087
Fred,-9.087
Dinhtuan9987,-9.087
qasjmhabib,-9.087
Moh adhif faizin,-9.087
Doan minh duc,-9.087
semarang gayeng,-9.087
Ø¹Ø¨Ø¯Ø§Ù„Ù„Ù‡,-9.087
Cipto,-9.087
Blockchain Australia,-9.087
ğŸŒ•,-9.087
A Gomez,-9.087
Azizi Azwah,-9.087
Kelouchekhireddine,-9.087
Mohammad Rifaldi,-9.087
Kauru Paul,-9.087
effemmahir,-9.087
Hard Token,-9.087
itobore Kelvin G,-9.087
oronnoshamim,-9.087
SKS Media Malta,-9.087
Grace Yu,-9.087
Vincent Alingato,-9.087
Audu Jacob,-9.087
argie,-9.087
Oluwafemi Dawodu,-9.087
Mr Popson,-9.087
Jonel Espadilla,-9.087
Cozy Concession,-9.087
SHAH MD AYNUL ISLAM,-9.087
ì´ì¤€ê¸°,-9.087
Worldwide008,-9.087
Preda,-9.087
Adv. Anup Pathak,-9.087
Sar_tielda,-9.087
Ø¹Ù„ÙŠ Ø§Ù„ÙŠØ§ÙØ¹ÙŠ,-9.087
alvin lagonero,-9.087
Val Aig,-9.087
Anhducmata,-9.087
Allan Tuazon,-9.087
Rocketera,-9.087
Ahmad Rafardhan,-9.1939700643
ibukun odusanya,-9.1948045226
Harven,-9.22425
Bitcoin is Freedom,-9.22425
à¸˜à¸™à¸²à¸™à¸ à¸«à¸²à¸à¸ªà¸‡à¸„à¸£à¸²à¸¡,-9.2426601318
Oke Teminijesu I.,-9.2494711427
X cactus,-9.2505
BTC Lover,-9.2505
Mohamed Sadek,-9.2505
Hanna Dumamba,-9.2505
eStream Studios,-9.2505
TV and Video Guide,-9.2505
é¨™ã•ã‚Œãªã„ã‹ã‚‰,-9.2505
Raymund Enriquez,-9.2505
Dustin Schwartz,-9.2505
J Sweeps,-9.2505
CMM informaciÃ²n,-9.2505
TommyeKirkendall,-9.2505
donfabs âš¡ï¸,-9.2505
airdrop hunter,-9.2505
Ğ”Ğ¼Ğ¸Ñ‚Ñ€Ğ¸Ğ¹ Ğ¢Ñ€ÑƒÑˆĞ¸Ğ½,-9.2505
TBC,-9.2505
tamtuyen,-9.2505
Advert Token,-9.2505
Anime DC Marvel Fan,-9.5037727273
Cryptocurrency Troop,-9.5037727273
LowkeyLostLoner,-9.5037727273
TaoJones,-9.54135
DilipSingh,-9.7416
Agung Nugroho,-9.7416
MobileDeviceAdvisor,-9.7416
Samuel Asare,-9.7416
ä¹ƒæœ¨å‚46  æ¬…å‚46  FNSæ­Œè¬¡ç¥­,-9.7416
KevinğŸ‡¨ğŸ‡¦,-9.7416
PWI Photography,-9.8392
EntreLaunch,-10.0628181818
Nadkumi,-10.0628181818
Y.M.L.,-10.0628181818
SnowsCrypt,-10.0628181818
Eyal Yechezkell,-10.3157090909
Adin-#TraXionICO,-10.481645886
Do Van The,-10.5100545455
Pearlalbum,-10.5100545455
Ayara paul,-10.542
AAA,-10.5534
Ahmed Gitey,-10.572
P.,-10.572
janay gill,-10.8912
ekssilva,-10.8912
Mario ballot,-10.8912
MillionaireAirdrop,-10.8912
AD,-10.9044
#Londonislovinit,-10.9044
Abhishek Chauhan,-10.9044
#IamAfrican,-10.9044
Bingo 2000,-10.9044
cryptologist34,-10.9044
ã‚ŠãŠï¼ˆã‚¢ãƒ³ãƒ€ãƒ¼ã‚½ãƒ³ãã‚“ï¼‰,-10.9044
Ian L,-10.9044
SSN 3,-10.9593
Carvill,-10.9593
Crypto Craig,-10.9593
Ethereum Classic Philippines,-10.9593
Annalyn Lawis ğŸŒ¸ #TraXion,-11.0691
Christabel,-11.0691
Oluseyi Awoyemi,-11.0691
Serenitey,-11.0691
å¾Œã‚ã‚’è¦‹ã‚‹äºº,-11.0691
JosÃ© Esteban,-11.0691
Firman Hidayatul Hakim,-11.0691
ã¾ã—ã‚…ãƒ¼,-11.0691
Analyn,-11.0691
ğŸŒCryptoRock,-11.1006
Bitcoinity Fan,-11.1006
"FCS Free crypto signals, news & airdrops",-11.1006
Smartguy,-11.1006
Taylor Pearson,-11.1006
MR,-11.1006
steve beever,-11.1006
Nvania,-11.1006
Dominik,-11.1006
Morhut,-11.1006
Victor Perin,-11.1006
Queen Crypto Unicorn,-11.1006
lucasgabd,-11.1006
Î–aher Ghaibeh,-11.1006
Amit Singh,-11.4021
Radja_ki,-12.177
mohamed abd elsalam,-12.177
Triaji Setyo P,-12.177
SenexNG,-12.177
Leyola,-12.177
Lucas isreal,-12.177
joseph purity,-12.177
Febryan Saputra,-12.177
Alvian Syah Putra,-12.177
Mas Narto,-12.177
hahaha,-12.177
ZuaelBTC - OLXAcoin.com,-12.177
Buggy genson,-12.177
MayorOne,-12.177
Cosco Li,-12.177
Ondu Sala,-12.177
Egwuekwe chiamaka ,-12.177
Blockchainlife,-12.177
Alexander Solmer,-12.177
faizan,-12.177
muacuata,-12.177
fazilalavi,-12.177
Peter Chika,-12.177
Machrus Ulum,-12.177
Muhammad Sulthon,-12.177
Nguyen Duc,-12.177
haidan magaling,-12.177
L3O Foundation,-12.177
Pastorchika,-12.177
Florensia Resa W,-12.177
Chriss Reyes,-12.177
Marshman,-12.177
Ahmad farhan,-12.177
Adnan,-12.177
TA Junior ğŸ“‰ğŸ“ŠğŸ“ˆ (not giving fucks away),-12.177
nguyen,-12.177
Dana Farrugia,-12.177
BeautyBrandEU,-12.177
ğŸ“».â„¢ JEREVAN ë„ˆêµ¬ë¦¬,-12.177
Fatoye Roseline I.,-12.177
CurrencyBuzzer,-12.177
olaitan mary,-12.177
Emily Smith,-12.177
Abgan Idris,-12.177
kurni,-12.177
Steve Fortch,-12.177
SKS Media Cayman,-12.177
sigityak,-12.177
Sheggs,-12.177
opeyemi,-12.177
zaifå¤«å©¦ $PCN,-12.2526
Astra Network,-12.334
SupPorter: Blockchain Fundraising Solutions,-12.6864
The Real Bitcoin,-12.91395
Daniel Treccia,-12.9507
Enoch aka Selfmade,-12.9507
TheCryptoNews,-12.9888
wally ghi,-13.0247
[ The N@p$t3r ],-13.4826
David Landsman,-13.4826
vipâ˜šAd,-13.4826
TheLegendaryTwatter [NoTAB],-13.4826
nzbindex.in,-13.5674
Bearly Rational,-13.5674
S.GRCN,-13.614
Rui,-13.6305
Anna Nystrom,-13.6740775645
TraderTravis,-13.87575
ğŸ‡¨ğŸ‡­  CRYPTOPIEP ğŸ‡¨ğŸ‡­,-13.87575
TRADEZzezzze,-13.87575
Tuan Vu #[B]ounty[H]unter,-13.992
Sportsoutdoor,-13.992
Charles K. Masover,-13.992
kingsely,-14.5392
Ù†ÙˆØ±ÙŠ Ø´Ø§Ù‡ÙŠÙ†,-14.5392
Rod à¸¿TC âš¡ï¸ğŸš€,-14.5392
arsen [#bitcoin],-14.5392
Ajibola Folorunsho,-14.5392
Safaak,-14.5392
MÃ¡rio Cesar dos Santos,-14.6124
Ibnu Nugraha,-14.6124
Saint à¸¿itcoin,-14.6124
coinram,-14.6124
HakkÄ± Hakan Erkiner,-14.6124
Cryptophilliac,-14.6124
WizzardWeev,-14.6124
ğŸ¤˜IddcğŸ¤˜,-14.6124
venetta adachi,-14.6124
IsSPCPNGH,-14.6124
Zainudin ihsan,-14.6124
mahmoud menshawy,-14.7588
Robert Almeida. ãƒ­ãƒãƒ¼ãƒˆ,-14.7588
michael,-14.7588
CryptoCowboy ğŸ¤ ,-14.7588
Anadelis Esparragoza,-14.7588
David G Anderson,-14.7588
Inside ETFs,-14.7588
Jamo,-14.7588
Will Moriarty,-14.7588
Crypto BroncoğŸ´,-14.7588
Michelle Varron,-14.7588
CRYPTOS GEORGE ğŸŒğŸ¼â€â™‚ï¸,-14.7588
smk762,-14.7588
Evgene Tihonov,-14.7588
Arkan Zaidan,-14.8008
kartekbas,-14.8008
Mateo Particulate,-14.8008
AdebisiKehindePeter,-14.8008
Ogunwole Edward,-14.8008
cholifatun,-15.22125
stamp0077,-15.813
Spicy Naija,-15.813
Julian Perez,-16.0342
ashok ghorui,-16.188375
Samuel adetunji,-16.6503629417
BrianğŸ¸Ogle,-16.6509
Bibian,-16.7713636364
RafaÅ‚ ChraboÅ‚,-17.2186
RED TSUNAMI RISING 2018,-17.49
Alex ğŸ”¥,-17.7161090909
Van Jack,-17.8831708333
Cryto Hunter,-18.2487136364
Norm Brien,-18.4485
Crypto Ancient,-18.4485
CryptoGnome,-18.4485
MAJOR LEE BLUNT,-18.4485
Crypto Business,-18.4485
ahmedtaleb,-18.4485
Ziggy ECC,-18.4485
Cloud Mining Monitor,-18.4485
MC,-18.4485
pv,-18.4485
Zarko Kovac,-18.4485
JoÃ£o Sena,-18.4485
Dan Hedl / Daily Active HODLer (DAH)â„¢,-18.4485
Sum Chhengse,-18.501
EbrandCorp,-18.501
CryptoWorld,-18.501
JinFan Tang,-18.501
Rayson Kong,-18.501
ROBEEN VAN HUUD,-18.501
Siyanda,-18.501
TopFiveTradersCS,-18.501
bahaa saad,-18.501
Ailyn Dungog,-18.501
cryptofancool,-18.501
Redondo Music,-18.501
Dan C,-18.501
Mushroomdrawf,-18.501
ramy iline,-18.501
Janeth Ilao Cresenci,-18.501
Babatunde Joel george,-18.501
Sexy diva,-18.501
John Stephen Alaba,-18.501
Tiago,-18.501
Jossi,-18.501
Alif Sheakh,-18.501
yonghwa01,-18.501
rosa linda,-18.501
ICOLover,-18.501
lani,-18.501
akoleaje Samuel,-18.501
MICHAEL Murdock ğŸ‡ºğŸ‡¸ğŸ”´,-18.501
Nworie Alice Deborah,-18.501
phan huynh minh,-18.501
Amos Tosin,-18.501
Cryzon,-18.501
mimax10k,-18.501
gazzy,-18.501
Lynn Brown,-18.501
Danistreet01,-18.501
Josie Cayanan,-18.501
hang nga,-18.501
yuda_well,-18.501
downriver_723,-19.4832
pruzmani,-19.4832
Durango Bitcoin,-19.4832
Tipsy9ce,-19.4832
charles mcbride,-19.4832
hubmoney2,-19.7902090909
Ğ¯Ğ½ ĞœĞ°Ñ€ĞºĞ¾Ğ²,-19.7902090909
Techniquant,-20.2239
Sunny,-20.9729333333
Salah Gomaa,-21.084
Carlos Mendible,-21.084
Ù±Ù„Ù†ÙŒÛ’Ù€Ù±Ù‚ÙÛ’Ù€Ù„Â¿,-22.1353807502
Greg,-22.1382
Descentralize It!!!,-22.1382
CryptoAlpha,-22.1382
Till KrÃ¼ss,-22.1382
fusi0n,-22.1382
Chawansit,-22.1382
Scott Vayner,-22.1382
Stuxnet,-22.1382
Contrarian PandağŸ’§,-22.1382
Zahen Khan,-22.1382
vires_in_numeris,-22.1382
louisw2127,-22.1382
Feduss.exe ğŸ     â‚¿,-22.1382
Jay Kuhlar,-22.1382
Alfred Taudes,-22.1382
scolony miner,-22.2012
Rajko Bezarevic,-22.2012
rajssuryawanshi,-22.2012
L'art Pour L'art,-22.2012
icowit,-22.2012
TassCrypto,-22.2012
Ukan kurniawan,-22.2012
APEM GINUK GINUK,-22.2012
Jundel Ballesteros Canincia,-24.354
TravelbyBit,-24.354
VandarGR,-24.354
rangler ballabol,-24.97635
carlos.santana,-26.9652
Praveen,-26.9652
Bir temmuz kÄ±zÄ±,-29.5176
rajkumari,-29.5176
Olumide Oshungbohun,-29.5176
tayeadebisi,-29.5176
aabshaar,-29.5176
Aswin ps,-29.5176
Kripto Takibi,-29.5176
Jason Adams,-29.5176
Michael Waldman,-29.5176
Andy Van Dyke,-29.5176
A.I.CRYPTO,-29.5176
Crypto Master,-29.5176
SKS Media Nairobi,-29.6016
#HODL,-30.7475
kefa asakila,-31.9774
Byl Cameron,-31.9774
Alena Pogodina,-32.284875
Flip to Pay,-33.7065
Jennifer Renee,-36.897
Rob Griffitts,-36.897
Zakiya Aini,-36.897
tamaralisana,-36.897
mahmoud ahmed,-36.897
Adil,-36.897
Mary Jane Santos,-36.897
anh,-36.897
minhtue0606,-36.897
Mayday,-36.897
Josh1,-36.897
Mimi Rami,-36.897
laurene bell,-36.897
SKS Media Oman,-36.897
israr ali,-36.897
NghÄ©a Hiáº¿u,-36.897
SmAil EL Jouhari,-36.897
thu,-36.897
Crypto Airdrop Hub,-36.897
nguyenvanhunghau2018,-36.897
CrypToken Airdrop,-36.897
trinh,-36.897
PhÃ¹ng Ãnh Linh,-36.897
Asap suki,-36.897
Andriansyah,-36.897
Babatunde Rebirth,-36.897
monster123456,-36.897
khalid lover,-36.897
Andray alisa,-36.897
Maz2,-36.897
CryptoLord,-36.897
Leo Ms,-36.897
GraphixFlow,-36.897
Emeka John,-36.897
Onyekwere Adaeze,-36.897
Blockchain Wayne,-36.897
BullFan2016,-36.897
Mr 4G,-36.897
nhan tam,-36.897
Alo Rotimi,-36.897
Muntha Arfine,-36.897
Adhiechalm,-36.897
PSYCHE AIRDROP HUNTER,-36.897
rebelOPğŸ‡ºğŸ‡¸,-37.002
ğŸ” AKOW ğŸ”,-37.002
Ka Va Nagh,-37.002
Crypto Moses,-39.32425
Renato Catamora,-39.3568
alexandra bell,-39.3568
monserrate naismith,-39.3568
eufemia roman,-39.3568
Deny K. Setyawan,-40.4478
Criptofreak,-40.4478
Raq Tripona,-44.2764
WeTee,-44.2764
SirCrypto,-44.2764
MOHAMMADRÎZA ,-44.2764
BITCOIN KOREA | ICO Advisor | Altcoin Expert,-44.2764
AmericanCryptoKillaBee ğŸ‡ºğŸ‡¸ğŸ,-44.2764
Digital Currency Group,-44.2764
Alexander Davi,-44.2764
Christian,-44.2764
Coin Boys,-44.2764
Lhanie B. OLXAcoin.com,-49.81095
CryptoTrump,-51.6558
Hasan GÃ¼lseren,-51.6558
Wohan X,-51.6558
WWQ,-51.6558
kÃ¨o free token,-53.9304
Williams Omojola Oluwaseun,-53.9304
am an,-53.9304
grindğŸ”¥_ğŸ”¥BTC,-53.9304
MalMal,-53.9304
News4U,-59.0352
Fixed Matches Expand 24/7,-59.0352
blockchainfair,-59.0352
Cryptoholic,-60.6717
rfdusty,-73.794
duongtb.vms@gmail.com,
duongtb.vms@gmail.com,
Crypto Town,
Crypto Town,
Crypto Town,
Crypto Town,
Crypto Town,
Crypto Elite ğŸ“ˆğŸš€,
Crypto Elite ğŸ“ˆğŸš€,
Crypto Elite ğŸ“ˆğŸš€,
Crypto Elite ğŸ“ˆğŸš€,
Devan Naratama,
Devan Naratama,
Jon smith,
Jon smith,
lelam,
lelam,
lelam,
CryptoCrys,
CryptoCrys,
JahğŸ‡¯ğŸ‡²Coin,
JahğŸ‡¯ğŸ‡²Coin,
rifky hasan,
rifky hasan,
Marry Sueberg,
Marry Sueberg,
Marry Sueberg,
Marry Sueberg,
Marry Sueberg,
Crypto,
Crypto,
Crypto,
Crypto,
Metatron Inc. (MRNJ),
Metatron Inc. (MRNJ),
Cryptonizuka Teacher Great,
Cryptonizuka Teacher Great,
Cryptonizuka Teacher Great,
Fiat Killer,
Fiat Killer,
Fiat Killer,
Growth48,
Growth48,
Crypto Airdrops,
Crypto Airdrops,
Crypto Airdrops,
Crypto Airdrops,
Crypto Airdrops,
Crypto Airdrops,
Crypto Airdrops,
znavaz,
znavaz,
BinaryFest.Com,
BinaryFest.Com,
Moel,
Moel,
Bill Burdin,
Bill Burdin,
Earn Money Online Opportunity,
Earn Money Online Opportunity,
Earn Money Online Opportunity,
Earn Money Online Opportunity,
Earn Money Online Opportunity,
Earn Money Online Opportunity,
Earn Money Online Opportunity,
CrypToPR,
CrypToPR,
CrypToPR,
CrypToPR,
CrypToPR,
Mike,
Mike,
Amir Mohamad,
Amir Mohamad,
Eos,
Eos,
Eos,
Eos,
Eos,
Eos,
mylaw,
mylaw,
CDS,
CDS,
Coinboard,
Coinboard,
Coinboard,
Coinboard,
Lhei Lopez,
Lhei Lopez,
JIMOH DIYA,
JIMOH DIYA,
Ohio Bitcoin,
Ohio Bitcoin,
Ohio Bitcoin,
Ohio Bitcoin,
Ohio Bitcoin,
Ohio Bitcoin,
BitcoinJake09,
BitcoinJake09,
BitcoinJake09,
Yahoo Finance,
Yahoo Finance,
Yahoo Finance,
Buy The ATH âš¡ï¸ (100K 2018!),
Buy The ATH âš¡ï¸ (100K 2018!),
Buy The ATH âš¡ï¸ (100K 2018!),
Alex Destruction,
Alex Destruction,
Alex Destruction,
BitcoinsChannel,
BitcoinsChannel,
BitcoinsChannel,
BitcoinsChannel,
Twin Star MN,
Twin Star MN,
zhanghuiwen,
zhanghuiwen,
Cryptocurrbit[BoycottRogerKVer],
Cryptocurrbit[BoycottRogerKVer],
Bitcoin Beeotch,
Bitcoin Beeotch,
Apurba Kumar,
Apurba Kumar,
Apurba Kumar,
Apurba Kumar,
Apurba Kumar,
Morgan,
Morgan,
Morgan,
Morgan,
bitmex,
bitmex,
Small Cap Society,
Small Cap Society,
Ğ‘ĞµĞ·ÑƒĞ¼Ğ½Ñ‹Ğ¹ Ğ—Ğ°Ğ¿Ğ¾Ñ€Ğ¾Ğ¶ĞµÑ†,
Ğ‘ĞµĞ·ÑƒĞ¼Ğ½Ñ‹Ğ¹ Ğ—Ğ°Ğ¿Ğ¾Ñ€Ğ¾Ğ¶ĞµÑ†,
BitcoinAgile,
BitcoinAgile,
BitcoinAgile,
BitcoinAgile,
BitcoinAgile,
BitcoinAgile,
stephen sego,
stephen sego,
ĞĞ½Ğ´Ñ€ĞµĞ¹ ĞÑ€Ñ…Ğ¸Ğ¿ĞµĞ½ĞºĞ¾,
ĞĞ½Ğ´Ñ€ĞµĞ¹ ĞÑ€Ñ…Ğ¸Ğ¿ĞµĞ½ĞºĞ¾,
Ğ¢Ğ°Ñ‚ÑŒÑĞ½Ğ° Ğ§Ğ°Ñ€Ğ¸Ğ½Ğ°,
Ğ¢Ğ°Ñ‚ÑŒÑĞ½Ğ° Ğ§Ğ°Ñ€Ğ¸Ğ½Ğ°,
DWICF INC.,
DWICF INC.,
bitcoinhogâš¡$100k BTC 2018,
bitcoinhogâš¡$100k BTC 2018,
bitcoinhogâš¡$100k BTC 2018,
Blockchain,
Blockchain,
Blockchain,
Blockchain,
"Diego ""Not giving away Crypto"" Gutierrez-Zaldivar",
"Diego ""Not giving away Crypto"" Gutierrez-Zaldivar",
Lea Marino,
Lea Marino,
Winkdex Tweets,
Winkdex Tweets,
BitcoinGatherer.com,
BitcoinGatherer.com,
ClubedosInvestidores,
ClubedosInvestidores,
analyst5,
analyst5,
analyst5,
analyst5,
analyst5,
BlockchainNet,
BlockchainNet,
BlockchainNet,
BlockchainNet,
smarttcoin,
smarttcoin,
Airdrop Hunter,
Airdrop Hunter,
Airdrop Hunter,
Bitcoin cash trumps BCH [BCH/BCC/XBC],
Bitcoin cash trumps BCH [BCH/BCC/XBC],
Bitcoin cash trumps BCH [BCH/BCC/XBC],
General Crypto Store,
General Crypto Store,
Alex Corral *ï¸âƒ£,
Alex Corral *ï¸âƒ£,
gundu dharma teja,
gundu dharma teja,
Mim Akter,
Mim Akter,
The Dogs Experts,
The Dogs Experts,
The Dogs Experts,
The Dogs Experts,
â‚¬thereum [ETC] âœ¨,
â‚¬thereum [ETC] âœ¨,
â‚¬thereum [ETC] âœ¨,
â‚¬thereum [ETC] âœ¨,
doctaroc,
doctaroc,
Aan Yuliyanto,
Aan Yuliyanto,
Elixium Crypto,
Elixium Crypto,
Elixium Crypto,
Elixium Crypto,
Elixium Crypto,
Get It Out Now,
Get It Out Now,
Get It Out Now,
princesam,
princesam,
princesam,
princesam,
princesam,
princesam,
princesam,
Mad Bitcoins,
Mad Bitcoins,
Mad Bitcoins,
gregory valancius VA,
gregory valancius VA,
gregory valancius VA,
OBulunmaz,
OBulunmaz,
#Traxion ian Eldino-JFB Crypto,
#Traxion ian Eldino-JFB Crypto,
Mai Espadilla,
Mai Espadilla,
Remi Vee ğŸ›¡ï¸,
Remi Vee ğŸ›¡ï¸,
Remi Vee ğŸ›¡ï¸,
Remi Vee ğŸ›¡ï¸,
Remi Vee ğŸ›¡ï¸,
Remi Vee ğŸ›¡ï¸,
Remi Vee ğŸ›¡ï¸,
Startup Feeds,
Startup Feeds,
#boyspeed,
#boyspeed,
CoinNuts,
CoinNuts,
Kehinde folashade,
Kehinde folashade,
Kehinde folashade,
Sabster [LTC âš¡ï¸BTC ],
Sabster [LTC âš¡ï¸BTC ],
Sabster [LTC âš¡ï¸BTC ],
Dos,
Dos,
Bitcoin Homer,
Bitcoin Homer,
Fanfare,
Fanfare,
Bitcoin/Altcoin,
Bitcoin/Altcoin,
BitcoinPrivate News,
BitcoinPrivate News,
Lisa Smith,
Lisa Smith,
Bitcoin World,
Bitcoin World,
Bitcoin World,
Bitcoin World,
Francisco,
Francisco,
Mariz Villano,
Mariz Villano,
Mariz Villano,
NABIEL,
NABIEL,
NABIEL,
NEM Price Ticker,
NEM Price Ticker,
NEM Price Ticker,
NEM Price Ticker,
Dash Price Ticker,
Dash Price Ticker,
Dash Price Ticker,
Dash Price Ticker,
Dash Price Ticker,
Substratum Price Ticker,
Substratum Price Ticker,
Substratum Price Ticker,
Substratum Price Ticker,
DEZ COIN,
DEZ COIN,
DEZ COIN,
Cardano Price Ticker,
Cardano Price Ticker,
Cardano Price Ticker,
Cardano Price Ticker,
Cardano Price Ticker,
Cardano Price Ticker,
EOS Price Ticker,
EOS Price Ticker,
EOS Price Ticker,
EOS Price Ticker,
EOS Price Ticker,
bitcointicker.co,
bitcointicker.co,
bitcointicker.co,
bitcointicker.co,
bitcointicker.co,
coinOK,
coinOK,
coinOK,
coinOK,
coinOK,
coinOK,
coinOK,
Bitsend Masternodes,
Bitsend Masternodes,
Bitsend Masternodes,
Bitsend Masternodes,
Bitsend Masternodes,
Egon âš¡ï¸Bitcoin (BCH)âš¡ï¸,
Egon âš¡ï¸Bitcoin (BCH)âš¡ï¸,
Egon âš¡ï¸Bitcoin (BCH)âš¡ï¸,
BitcoinBuytheFuckingDip.com,
BitcoinBuytheFuckingDip.com,
BitcoinBuytheFuckingDip.com,
BitcoinBuytheFuckingDip.com,
Unconfirmed Txns,
Unconfirmed Txns,
Douglas 3D,
Douglas 3D,
OKK MOBILE,
OKK MOBILE,
oladimeji jamiu,
oladimeji jamiu,
anchorday,
anchorday,
KARLC THE RETURN,
KARLC THE RETURN,
willCoin,
willCoin,
Tayour,
Tayour,
Latin Uber,
Latin Uber,
Latin Uber,
JTAGZ,
JTAGZ,
JTAGZ,
Micheal,
Micheal,
#Altcoin Devvie,
#Altcoin Devvie,
Rana Arslan,
Rana Arslan,
Jasbin Paidin,
Jasbin Paidin,
Bitcoin News,
Bitcoin News,
Bitcoin News,
Bitcoin News,
Bitcoin News,
Bitcoin News,
Bitcoin News,
Koray Keremoglu,
Koray Keremoglu,
Koray Keremoglu,
Rowena Noculan,
Rowena Noculan,
BitcoinNews.com,
BitcoinNews.com,
BitcoinNews.com,
BitcoinNews.com,
jyoti anand,
jyoti anand,
jyoti anand,
jyoti anand,
DÆ°Æ¡ng Thanh Quang,
DÆ°Æ¡ng Thanh Quang,
CoinTrendz.com,
CoinTrendz.com,
CoinTrendz.com,
CoinTrendz.com,
CoinTrendz.com,
Moon Lambo Man,
Moon Lambo Man,
Cryptozaur,
Cryptozaur,
Bitcoin Bolt,
Bitcoin Bolt,
Bitcoin Bolt,
Bitcoin Bolt,
Bitcoin Bolt,
Bitcoin Bolt,
Joel (Traxion),
Joel (Traxion),
Trading Derivatives,
Trading Derivatives,
Aam Satrio,
Aam Satrio,
Aam Satrio,
Aam Satrio,
Aam Satrio,
Venkat,
Venkat,
Venkat,
Venkat,
Adejulo HayWhy,
Adejulo HayWhy,
Yang,
Yang,
CryptoFamous,
CryptoFamous,
Demochozui,
Demochozui,
Demochozui,
Life By Design ğŸ›©,
Life By Design ğŸ›©,
Bitcoin Newswire,
Bitcoin Newswire,
Bitcoin Newswire,
Binance lover,
Binance lover,
Binance lover,
Binance lover,
jeff ğŸŒâœŒï¸ğŸ¤™,
jeff ğŸŒâœŒï¸ğŸ¤™,
Master Mining,
Master Mining,
XBTmoney,
XBTmoney,
XBTmoney,
XBTmoney,
XBTmoney,
XBTmoney,
Iota News,
Iota News,
Iota News,
Iota News,
A Traders Life ğŸ¥Š,
A Traders Life ğŸ¥Š,
Crypto Bernie,
Crypto Bernie,
Harry Reo,
Harry Reo,
Harry Reo,
Harry Reo,
Harry Reo,
Harry Reo,
IAmCryptoKing,
IAmCryptoKing,
IAmCryptoKing,
Zaboor,
Zaboor,
Zaboor,
SaveuMoney,
SaveuMoney,
SaveuMoney,
SaveuMoney,
SaveuMoney,
Francisco Gordillo,
Francisco Gordillo,
Francisco Gordillo,
Francisco Gordillo,
copytrader.co,
copytrader.co,
copytrader.co,
copytrader.co,
copytrader.co,
Ahmed Alnaggar,
Ahmed Alnaggar,
Ahmed Alnaggar,
Tico Hiko,
Tico Hiko,
Tico Hiko,
Tico Hiko,
Tico Hiko,
E2SC-Offer,
E2SC-Offer,
IMAH HELEN,
IMAH HELEN,
Kendy ba â™¥,
Kendy ba â™¥,
Kendy ba â™¥,
Kendy ba â™¥,
Kendy ba â™¥,
Kendy ba â™¥,
Gerardo Castillo,
Gerardo Castillo,
Gerardo Castillo,
aWebAnalysis,
aWebAnalysis,
aWebAnalysis,
aWebAnalysis,
aWebAnalysis,
ARSCI199006 #followback,
ARSCI199006 #followback,
Fiftyline,
Fiftyline,
Fiftyline,
âš¡peeticek [BTC_LTC HODLgang]âš¡,
âš¡peeticek [BTC_LTC HODLgang]âš¡,
âš¡peeticek [BTC_LTC HODLgang]âš¡,
Crypto MayMay,
Crypto MayMay,
Alexander Fincham,
Alexander Fincham,
David,
David,
David,
David,
Airdrop Alive,
Airdrop Alive,
Airdrop Alive,
Ianagami,
Ianagami,
Ianagami,
Nguyá»…n Quá»‘c Anh,
Nguyá»…n Quá»‘c Anh,
ĞĞ°Ğ´ĞµĞ¶Ğ´Ğ° Ğ’Ğ¾Ñ€Ğ¾Ğ½Ñ†Ğ¾Ğ²Ğ°,
ĞĞ°Ğ´ĞµĞ¶Ğ´Ğ° Ğ’Ğ¾Ñ€Ğ¾Ğ½Ñ†Ğ¾Ğ²Ğ°,
angel,
angel,
angel,
angel,
angel,
angel,
ArabCryptin,
ArabCryptin,
ArabCryptin,
Blockchainarticles,
Blockchainarticles,
Blockchainarticles,
Blockchainarticles,
Ida Mae Boyd,
Ida Mae Boyd,
Ida Mae Boyd,
Global Ecommerce,
Global Ecommerce,
Goa Mining,
Goa Mining,
Goa Mining,
Goa Mining,
Ethan Grover ğŸ‡¬ğŸ‡§,
Ethan Grover ğŸ‡¬ğŸ‡§,
Richard Evbuomwan,
Richard Evbuomwan,
HODLPLS,
HODLPLS,
yanuar angga,
yanuar angga,
Lauren Heath,
Lauren Heath,
kapo,
kapo,
kapo,
kapo,
Recentpoker.com,
Recentpoker.com,
Recentpoker.com,
Recentpoker.com,
Crypto Hub Belarus,
Crypto Hub Belarus,
Vanilla Bean,
Vanilla Bean,
arthur james abellera,
arthur james abellera,
oso70474,
oso70474,
Olay Maffin,
Olay Maffin,
tyas nurcahya,
tyas nurcahya,
blockergirls !!,
blockergirls !!,
blockergirls !!,
Noe Costanos,
Noe Costanos,
Tomas Shelby,
Tomas Shelby,
Tomas Shelby,
Pinto Beans & Penny Stocks,
Pinto Beans & Penny Stocks,
Dave Lerner,
Dave Lerner,
mark anthony,
mark anthony,
Adrian Brathwaite,
Adrian Brathwaite,
Zed Millbank,
Zed Millbank,
Peter Hughe,
Peter Hughe,
Peter Hughe,
Peter Hughe,
Peter Hughe,
Peter Hughe,
the forex thing,
the forex thing,
the forex thing,
the forex thing,
the forex thing,
Farenno Reyhan,
Farenno Reyhan,
Bullyena (bull with a whale's tail),
Bullyena (bull with a whale's tail),
bitsmart.ioâš¡BTCbot,
bitsmart.ioâš¡BTCbot,
Bitcoin average,
Bitcoin average,
Bitcoin average,
Bitcoin average,
FeesBitcoin,
FeesBitcoin,
FeesBitcoin,
Bitcoin Ticker Hourly,
Bitcoin Ticker Hourly,
Bitcoin Ticker Hourly,
Nikita Shvachunov,
Nikita Shvachunov,
BIOGREEN SCIENCE,
BIOGREEN SCIENCE,
yonico76,
yonico76,
All Bitcoin News,
All Bitcoin News,
All Bitcoin News,
All Bitcoin News,
"Mark Esposito, Ph.D.",
"Mark Esposito, Ph.D.",
"Mark Esposito, Ph.D.",
"Mark Esposito, Ph.D.",
Satoshi Finder,
Satoshi Finder,
Satoshi Finder,
Satoshi Finder,
BTC Pulse,
BTC Pulse,
Pipitnurul -OLXAcoin.com,
Pipitnurul -OLXAcoin.com,
CrypT0ny,
CrypT0ny,
EOT,
EOT,
EOT,
CryptoNewswire ğŸŒ,
CryptoNewswire ğŸŒ,
CryptoNewswire ğŸŒ,
CryptoNewswire ğŸŒ,
CryptoNewswire ğŸŒ,
BitBoy & Hodl ğŸŒ™ğŸš€ğŸ¤ª,
BitBoy & Hodl ğŸŒ™ğŸš€ğŸ¤ª,
cryptanalyser,
cryptanalyser,
Uberbills.com,
Uberbills.com,
Wayne Knox,
Wayne Knox,
Coinlerin Efendisi,
Coinlerin Efendisi,
Coinlerin Efendisi,
Coinlerin Efendisi,
Coinlerin Efendisi,
Coinlerin Efendisi,
Napalm Death Bot,
Napalm Death Bot,
Napalm Death Bot,
Napalm Death Bot,
Coinstats,
Coinstats,
Coinstats,
Coinstats,
Coin Trading Analytics,
Coin Trading Analytics,
Charlie You ğŸ‚,
Charlie You ğŸ‚,
MevlÃ¼t Can,
MevlÃ¼t Can,
Charmaine Dela Cruz,
Charmaine Dela Cruz,
Crowndesroen,
Crowndesroen,
Crowndesroen,
xbtstat.com,
xbtstat.com,
xbtstat.com,
CRYPTODREAMS,
CRYPTODREAMS,
CRYPTODREAMS,
CRYPTODREAMS,
FrankğŸ¦F,
FrankğŸ¦F,
FrankğŸ¦F,
FrankğŸ¦F,
FrankğŸ¦F,
FrankğŸ¦F,
Mee,
Mee,
Mee,
Kyunghoi Heo,
Kyunghoi Heo,
Kyunghoi Heo,
Kyunghoi Heo,
Stu,
Stu,
Julio Silva Vidales ğŸŒ Â©Â®â„¢,
Julio Silva Vidales ğŸŒ Â©Â®â„¢,
Julio Silva Vidales ğŸŒ Â©Â®â„¢,
Julio Silva Vidales ğŸŒ Â©Â®â„¢,
Julio Silva Vidales ğŸŒ Â©Â®â„¢,
Julio Silva Vidales ğŸŒ Â©Â®â„¢,
Julio Silva Vidales ğŸŒ Â©Â®â„¢,
Mohamed Sami,
Mohamed Sami,
Duong Hoai Ly,
Duong Hoai Ly,
CryptoVince,
CryptoVince,
juralyn pagula,
juralyn pagula,
CoinsNewsUpdate.com,
CoinsNewsUpdate.com,
Ali Mohd,
Ali Mohd,
suherm4n,
suherm4n,
Yogi Gunawan,
Yogi Gunawan,
Tech BitCoin,
Tech BitCoin,
Leo Gustaman,
Leo Gustaman,
surume,
surume,
francis ochuba,
francis ochuba,
Crypto Dude,
Crypto Dude,
Jessica,
Jessica,
CryptoHorizon,
CryptoHorizon,
CryptoHorizon,
CryptoHorizon,
CryptoHorizon,
Warren Buffett,
Warren Buffett,
Warren Buffett,
Igwe odibe drigweeu,
Igwe odibe drigweeu,
GÃ¼l Prensi,
GÃ¼l Prensi,
GÃ¼l Prensi,
MD Pathan,
MD Pathan,
A.J. â€œFECKLESSLY WHORING ETHERâ€ Singleton ğŸ,
A.J. â€œFECKLESSLY WHORING ETHERâ€ Singleton ğŸ,
Nandarismail76,
Nandarismail76,
Airdrop #ERC20,
Airdrop #ERC20,
GODDESS,
GODDESS,
ICOchecker.com,
ICOchecker.com,
ICOchecker.com,
Elvis,
Elvis,
Elvis,
Blockchain & crypto currency news,
Blockchain & crypto currency news,
haminhdiem,
haminhdiem,
Djek,
Djek,
Djek,
Einsteinium Found HQ,
Einsteinium Found HQ,
cryptocurrency_nooze,
cryptocurrency_nooze,
cryptocurrency_nooze,
Bitcoin Mate,
Bitcoin Mate,
Bitcointopia ğŸ™ï¸,
Bitcointopia ğŸ™ï¸,
Bitcointopia ğŸ™ï¸,
Bitcointopia ğŸ™ï¸,
v-for VENDETA,
v-for VENDETA,
v-for VENDETA,
v-for VENDETA,
Sooki,
Sooki,
Brasil Bitcoin,
Brasil Bitcoin,
Lorde Skinwah,
Lorde Skinwah,
John Smith,
John Smith,
,
,
,
,
Shahrukh imtiyaz,
Shahrukh imtiyaz,
kuroshirorupan,
kuroshirorupan,
kuroshirorupan,
Milanobass,
Milanobass,
Milanobass,
Milanobass,
Milanobass,
Milanobass,
Milanobass,
ğŸ’§ Telegram Drops ğŸ’§,
ğŸ’§ Telegram Drops ğŸ’§,
ğŸ’§ Telegram Drops ğŸ’§,
#JibbitICO | bounty hunter|,
#JibbitICO | bounty hunter|,
#JibbitICO | bounty hunter|,
khoaaaa,
khoaaaa,
Ethereum ClassicğŸš€,
Ethereum ClassicğŸš€,
Ethereum ClassicğŸš€,
Ethereum ClassicğŸš€,
Coin Birdy,
Coin Birdy,
Coin Birdy,
Carl Job,
Carl Job,
"SNFB, Inc.",
"SNFB, Inc.",
WallSt.ForSale,
WallSt.ForSale,
WallSt.ForSale,
Morgiana,
Morgiana,
Morgiana,
ãˆã‚ã‚ã˜,
ãˆã‚ã‚ã˜,
Julia Edling,
Julia Edling,
Julia Edling,
matra prima,
matra prima,
Larry 'Coiny' Evans,
Larry 'Coiny' Evans,
Larry 'Coiny' Evans,
Larry 'Coiny' Evans,
Larry 'Coiny' Evans,
Larry 'Coiny' Evans,
Crypto Doctor Doom,
Crypto Doctor Doom,
elsa uecke,
elsa uecke,
Nouse,
Nouse,
Eric,
Eric,
Steven Zheng,
Steven Zheng,
Branches Holland,
Branches Holland,
BitcoinBrofer,
BitcoinBrofer,
BitcoinBrofer,
Alvin Javier,
Alvin Javier,
Social Start Now,
Social Start Now,
Social Start Now,
Social Start Now,
Fauzan Crypto,
Fauzan Crypto,
Fauzan Crypto,
cryptoanime,
cryptoanime,
Aaron Crypto$$ğŸ˜Dude,
Aaron Crypto$$ğŸ˜Dude,
Blockbid,
Blockbid,
Hodl Hodl News,
Hodl Hodl News,
bitnewsbot.,
bitnewsbot.,
Ruby,
Ruby,
Ruby,
Ruby,
ReformedShortTrader,
ReformedShortTrader,
ReformedShortTrader,
Byron Froneman,
Byron Froneman,
dolor enriquez,
dolor enriquez,
Cryptotaurus,
Cryptotaurus,
MJ,
MJ,
CloudSpeaker,
CloudSpeaker,
Decrypt[ed],
Decrypt[ed],
Decrypt[ed],
Decrypt[ed],
tungcon,
tungcon,
Arbing Tool,
Arbing Tool,
Arbing Tool,
Bitcoin update,
Bitcoin update,
Bitcoin update,
Bitcoin update,
Bitcoin update,
Bitcoin update,
CryptoWiesiek,
CryptoWiesiek,
CryptoWiesiek,
CryptoWiesiek,
CryptoWiesiek,
ICOinvesting101,
ICOinvesting101,
ICOinvesting101,
ICOinvesting101,
Alex,
Alex,
Alex,
blockchainchain,
blockchainchain,
blockchainchain,
Crypto Darwin,
Crypto Darwin,
Yenz_Yuan,
Yenz_Yuan,
@rafikdilem96,
@rafikdilem96,
HS,
HS,
HS,
James Jeremiah,
James Jeremiah,
Simobest,
Simobest,
Bit Batman,
Bit Batman,
Aditya dwi saputra,
Aditya dwi saputra,
CryptoNews,
CryptoNews,
CryptoNews,
CryptoNews,
CryptoNews,
101 Blockchain St,
101 Blockchain St,
101 Blockchain St,
MONTANA@ç›¸äº’ãƒ•ã‚©ãƒ­ãƒ¼,
MONTANA@ç›¸äº’ãƒ•ã‚©ãƒ­ãƒ¼,
MONTANA@ç›¸äº’ãƒ•ã‚©ãƒ­ãƒ¼,
bharatbhushan k,
bharatbhushan k,
Hunter,
Hunter,
BITINVESTFUND,
BITINVESTFUND,
BITINVESTFUND,
BITINVESTFUND,
Dell Ton (Not Giving ETH),
Dell Ton (Not Giving ETH),
Bitcoin Cash,
Bitcoin Cash,
David Moadel,
David Moadel,
David Moadel,
Crypto Nirvana,
Crypto Nirvana,
Crypto Nirvana,
(XVG)DoRKLaRD,
(XVG)DoRKLaRD,
Agujerillo,
Agujerillo,
Agujerillo,
oni.gho,
oni.gho,
Chris Lee,
Chris Lee,
Chris Lee,
Chris Lee,
Jane Deibi,
Jane Deibi,
Nicu Olah,
Nicu Olah,
Nicu Olah,
Nicu Olah,
LegitAirDropsğŸ’§,
LegitAirDropsğŸ’§,
LegitAirDropsğŸ’§,
LegitAirDropsğŸ’§,
Idoko Joseph,
Idoko Joseph,
Alexbenua,
Alexbenua,
Peter Selim,
Peter Selim,
Sohel khan,
Sohel khan,
Sohel khan,
Kim Santos,
Kim Santos,
Kim Santos,
Michael Moll,
Michael Moll,
Adem,
Adem,
CRYPT(O)VERLOAD ğŸ“ŠğŸ’°ğŸ’¸,
CRYPT(O)VERLOAD ğŸ“ŠğŸ’°ğŸ’¸,
Bitcoin Price,
Bitcoin Price,
Amir!!!,
Amir!!!,
Denos,
Denos,
Miesha Bronson,
Miesha Bronson,
OJO ALIU,
OJO ALIU,
OJO ALIU,
OJO ALIU,
SVICIDALBANKER,
SVICIDALBANKER,
SVICIDALBANKER,
SVICIDALBANKER,
SVICIDALBANKER,
Ğ Ğ¾Ğ¼Ğ°Ğ½ Krosmerch,
Ğ Ğ¾Ğ¼Ğ°Ğ½ Krosmerch,
BitHound,
BitHound,
BitHound,
Gunter Krebs,
Gunter Krebs,
BTCpx,
BTCpx,
Thomas Park,
Thomas Park,
Norman Mendoza,
Norman Mendoza,
Blawks Crypto,
Blawks Crypto,
Kriz mendoza andal,
Kriz mendoza andal,
Kriz mendoza andal,
Kriz mendoza andal,
Kriz mendoza andal,
Eljaboom,
Eljaboom,
ILham,
ILham,
ILham,
ILham,
Bitcoin Sportsbook,
Bitcoin Sportsbook,
Xbt News,
Xbt News,
dyno.io,
dyno.io,
dyno.io,
dyno.io,
dyno.io,
Liany,
Liany,
Liany,
Liany,
TBN1268,
TBN1268,
Hamba HÃ©ritier,
Hamba HÃ©ritier,
Hamba HÃ©ritier,
Hamba HÃ©ritier,
Nobody's MCE,
Nobody's MCE,
thecoindigest,
thecoindigest,
#MarketRanger 618,
#MarketRanger 618,
HePays.com,
HePays.com,
HePays.com,
Homhai3333#TraXionICO,
Homhai3333#TraXionICO,
Roviator âš¡ï¸,
Roviator âš¡ï¸,
Roviator âš¡ï¸,
Crypto Hunter,
Crypto Hunter,
iKantam,
iKantam,
Olis,
Olis,
Whaleclub,
Whaleclub,
Valute Virtuali,
Valute Virtuali,
elvis soares,
elvis soares,
elvis soares,
XTZ 29USD,
XTZ 29USD,
JNET,
JNET,
Coupons Expert,
Coupons Expert,
Coupons Expert,
Hari Mukti,
Hari Mukti,
nguyentue,
nguyentue,
olisa,
olisa,
bowllove,
bowllove,
Dr. Robert Bruce Banner,
Dr. Robert Bruce Banner,
ELA,
ELA,
Intrepid Ventures,
Intrepid Ventures,
Charles Vu,
Charles Vu,
Cryptonymous ğŸ‘¤,
Cryptonymous ğŸ‘¤,
NEVAD Gaming,
NEVAD Gaming,
roy romales,
roy romales,
India Bitcoin,
India Bitcoin,
Green Dollar Bills,
Green Dollar Bills,
Camellia,
Camellia,
Joe Louderback,
Joe Louderback,
Joe Louderback,
akemi1487,
akemi1487,
akemi1487,
ativie mathew,
ativie mathew,
Nguyen Thach,
Nguyen Thach,
Jennifer,
Jennifer,
Claudio Tiego,
Claudio Tiego,
gledson,
gledson,
gledson,
"Justin Dart ""The #Bitcoin Guy""",
"Justin Dart ""The #Bitcoin Guy""",
jaklom,
jaklom,
jaklom,
Daniel Alex,
Daniel Alex,
Daniel Alex,
Digitalcoin,
Digitalcoin,
Digitalcoin,
Digitalcoin,
Tega Eljah,
Tega Eljah,
Javier M,
Javier M,
Javier M,
Javier M,
DathBrisheD TS,
DathBrisheD TS,
Rabia Awan,
Rabia Awan,
Jumaane Williams,
Jumaane Williams,
CHOWDER007,
CHOWDER007,
CHOWDER007,
CHOWDER007,
CHOWDER007,
Cryptonetix,
Cryptonetix,
boo,
boo,
ZenSocial Supporters,
ZenSocial Supporters,
Hanbin. -jfb?,
Hanbin. -jfb?,
Hanbin. -jfb?,
Hanbin. -jfb?,
Maroof sohail,
Maroof sohail,
Suhas Ashok,
Suhas Ashok,
OpcionesBinarias 360,
OpcionesBinarias 360,
OpcionesBinarias 360,
World Seeker,
World Seeker,
World Seeker,
World Seeker,
AlpoCrypto,
AlpoCrypto,
ifeoma  Omordi,
ifeoma  Omordi,
BULVRD App,
BULVRD App,
Rome,
Rome,
Geometry of crypto,
Geometry of crypto,
Geometry of crypto,
Geometry of crypto,
Geometry of crypto,
CryptoAgent47,
CryptoAgent47,
World Trade Stocks,
World Trade Stocks,
BitSat,
BitSat,
BitSat,
The Laughing Man,
The Laughing Man,
The Laughing Man,
Joy Hasan ğŸ’¯ğŸ”¥ ğŸ‘âœŒï¸,
Joy Hasan ğŸ’¯ğŸ”¥ ğŸ‘âœŒï¸,
Joy Hasan ğŸ’¯ğŸ”¥ ğŸ‘âœŒï¸,
Ivan T (Darwinist Capitalist),
Ivan T (Darwinist Capitalist),
Uncle Favour,
Uncle Favour,
Crypto Beginners (AU),
Crypto Beginners (AU),
Crypto Alerts,
Crypto Alerts,
Dr. de l'immatÃ©riel,
Dr. de l'immatÃ©riel,
FUJITA,
FUJITA,
Zulfiyan Aziz,
Zulfiyan Aziz,
Shamik,
Shamik,
Bitcoin & Crypto for Africa,
Bitcoin & Crypto for Africa,
Loveth feranmi,
Loveth feranmi,
Loveth feranmi,
misha14082010,
misha14082010,
Tom,
Tom,
michael Gabriel,
michael Gabriel,
michael Gabriel,
michael Gabriel,
michael Gabriel,
michael Gabriel,
Christ_Over_Fame,
Christ_Over_Fame,
Christ_Over_Fame,
Bitcoin $1M [#HODL],
Bitcoin $1M [#HODL],
Felix Rosenstein,
Felix Rosenstein,
Fessikay,
Fessikay,
Fessikay,
fethi,
fethi,
@ArchieCPea3,
@ArchieCPea3,
Al Bitcoin Bussiness,
Al Bitcoin Bussiness,
Relevant Track,
Relevant Track,
Relevant Track,
Amazing,
Amazing,
Mohammad jufriyadi,
Mohammad jufriyadi,
Mohammad jufriyadi,
Mohammad jufriyadi,
Mohammad jufriyadi,
Mohammad jufriyadi,
Qwinpresh,
Qwinpresh,
Lin,
Lin,
webspelunker,
webspelunker,
webspelunker,
Snake Lowng,
Snake Lowng,
Snake Lowng,
Snake Lowng,
Snake Lowng,
Snake Lowng,
Yemi,
Yemi,
Yemi,
Yemi,
Epic Relevance,
Epic Relevance,
Marlon Kamdyn,
Marlon Kamdyn,
Marlon Kamdyn,
Marlon Kamdyn,
Crimson Crypto,
Crimson Crypto,
mohammed khalil,
mohammed khalil,
mohammed khalil,
mohammed khalil,
mohammed khalil,
mohammed khalil,
Taufiq Elahi,
Taufiq Elahi,
william,
william,
william,
william,
william,
william,
dewin,
dewin,
LastKiss-,
LastKiss-,
LastKiss-,
Bitcoin Expert-Daily Airdrops,
Bitcoin Expert-Daily Airdrops,
HighTechPro,
HighTechPro,
HighTechPro,
Criptomike,
Criptomike,
cryptogonelf,
cryptogonelf,
omale,
omale,
Leia,
Leia,
Leia,
Lamine Ndiaye,
Lamine Ndiaye,
Lamine Ndiaye,
Aylin Orial,
Aylin Orial,
Aylin Orial,
Noah Ruderman âš¡,
Noah Ruderman âš¡,
naiza,
naiza,
naiza,
naiza,
Adekunlegold,
Adekunlegold,
Adekunlegold,
NoLuckNeeded.com,
NoLuckNeeded.com,
NoLuckNeeded.com,
NoLuckNeeded.com,
Mahmood,
Mahmood,
Adex,
Adex,
Eray ErdoÄŸdu,
Eray ErdoÄŸdu,
Eray ErdoÄŸdu,
THE Crypto Hobbit [N,
THE Crypto Hobbit [N,
THE Crypto Hobbit [N,
fradana,
fradana,
Red Blockchain,
Red Blockchain,
Red Blockchain,
LONDONAIMCAP,
LONDONAIMCAP,
Ğ¡ĞµÑ€Ğ³ĞµĞ¹,
Ğ¡ĞµÑ€Ğ³ĞµĞ¹,
Ğ¡ĞµÑ€Ğ³ĞµĞ¹,
Ø¨Ùˆ Ø¹Ù„ÙŠ,
Ø¨Ùˆ Ø¹Ù„ÙŠ,
Bitcoinã§3000ä¸‡å††ã®æå¤±,
Bitcoinã§3000ä¸‡å††ã®æå¤±,
Tante Girang,
Tante Girang,
Sir Uyi,
Sir Uyi,
Mathijs,
Mathijs,
Mathijs,
Crypto_Exchanges,
Crypto_Exchanges,
Crypto_Exchanges,
Dena S Hidayat,
Dena S Hidayat,
Marina Isaeva,
Marina Isaeva,
drewcâ‚¿arnard,
drewcâ‚¿arnard,
Ayodeji,
Ayodeji,
Douglas K,
Douglas K,
Vincent Dunn,
Vincent Dunn,
Vincent Dunn,
ClassyRedLdy,
ClassyRedLdy,
Bit-Sites,
Bit-Sites,
JerryJHK,
JerryJHK,
Ramiro Ocampo,
Ramiro Ocampo,
AiRDROP MACHiNE,
AiRDROP MACHiNE,
Crypto News Boulevard,
Crypto News Boulevard,
Emescolala Davidson,
Emescolala Davidson,
Emescolala Davidson,
Mayu,
Mayu,
Alex Mercer,
Alex Mercer,
Alex Mercer,
Alex Mercer,
Saad Imran,
Saad Imran,
Fauzi Abdul,
Fauzi Abdul,
CryptoM,
CryptoM,
King Flow,
King Flow,
Wholesale Bandung,
Wholesale Bandung,
QuVra.,
QuVra.,
Samuel Pelumi,
Samuel Pelumi,
wolfire OLXAcoin.com,
wolfire OLXAcoin.com,
susi02,
susi02,
Igor,
Igor,
Juan Perico,
Juan Perico,
Dima,
Dima,
Dima,
Jean-Pierre Buntinx,
Jean-Pierre Buntinx,
MR. BLOCKCHAIN,
MR. BLOCKCHAIN,
MR. BLOCKCHAIN,
Eva Ann Arcelo,
Eva Ann Arcelo,
moreAi,
moreAi,
Jakmati,
Jakmati,
Gracelyn Tolentino,
Gracelyn Tolentino,
JoÃ£o Vitor,
JoÃ£o Vitor,
Kean Avenue,
Kean Avenue,
Franklin Ruiz,
Franklin Ruiz,
Free BTC Directory,
Free BTC Directory,
BetBTC,
BetBTC,
Bitcoin Dominance,
Bitcoin Dominance,
Omar Ayyash (#TraXionICO),
Omar Ayyash (#TraXionICO),
Omar Ayyash (#TraXionICO),
Tony tweeeet,
Tony tweeeet,
Sophia Lopez,
Sophia Lopez,
JOSEPH MARS,
JOSEPH MARS,
kertana,
kertana,
Christopher,
Christopher,
Wiksman,
Wiksman,
HAWA man,
HAWA man,
Richland Airdrops/ICONews,
Richland Airdrops/ICONews,
Ğ»ĞµÑ…Ğ°,
Ğ»ĞµÑ…Ğ°,
Domain 10K,
Domain 10K,
Mr K.,
Mr K.,
BIM ARCH SERVICES,
BIM ARCH SERVICES,
Dooâ™ayBee...,
Dooâ™ayBee...,
Dooâ™ayBee...,
Gotenks,
Gotenks,
ĞĞ°Ñ‚Ğ°ÑˆĞ° ĞšĞ¾Ñ€Ğ¾Ğ»ĞµĞ²Ğ°,
ĞĞ°Ñ‚Ğ°ÑˆĞ° ĞšĞ¾Ñ€Ğ¾Ğ»ĞµĞ²Ğ°,
AndrÃ©,
AndrÃ©,
Max Keiser,
Max Keiser,
Crypto Carabao,
Crypto Carabao,
Amir Mido,
Amir Mido,
Adam Sarwar,
Adam Sarwar,
Minh Vuong,
Minh Vuong,
Daniel Macaulay,
Daniel Macaulay,
Stan,
Stan,
John,
John,
CHDftyl [Segwit+âš¡ï¸],
CHDftyl [Segwit+âš¡ï¸],
Achmad Abdurrohim,
Achmad Abdurrohim,
Varun Sehgal,
Varun Sehgal,
NeatlyWiseNuts,
NeatlyWiseNuts,
Mamedkuli,
Mamedkuli,
Erghim Baloshi,
Erghim Baloshi,
Bati,
Bati,
Mert yaÅŸar,
Mert yaÅŸar,
Carl Bob Aghili,
Carl Bob Aghili,
Matt Clarke,
Matt Clarke,
hariyanto,
hariyanto,
Moonwalker,
Moonwalker,
Muhtar Coin,
Muhtar Coin,
BitBrokers Inc,
BitBrokers Inc,
Dominic obianuju,
Dominic obianuju,
Dominic obianuju,
Dominic obianuju,
ADRIAN AGUILAR,
ADRIAN AGUILAR,
ADRIAN AGUILAR,
à¸¿itcoin #BTC Bits,
à¸¿itcoin #BTC Bits,
Grant Salisbury,
Grant Salisbury,
Ba Huy,
Ba Huy,
Free Crypto Trading Signal Robot,
Free Crypto Trading Signal Robot,
Free Crypto Trading Signal Robot,
Free Crypto Trading Signal Robot,
Free Crypto Trading Signal Robot,
FINTECHNA,
FINTECHNA,
LehighValleyBitcoin,
LehighValleyBitcoin,
''Bitcoin'' + ''Binance'',
''Bitcoin'' + ''Binance'',
EugeneReigns,
EugeneReigns,
BlockChannel,
BlockChannel,
Ğ’Ğ°Ğ»Ğ¸Ğ½Ğ¾Ğ² Ğ²ÑÑ‡ĞµÑĞ»Ğ°Ğ²,
Ğ’Ğ°Ğ»Ğ¸Ğ½Ğ¾Ğ² Ğ²ÑÑ‡ĞµÑĞ»Ğ°Ğ²,
Mey Moziri,
Mey Moziri,
Firman dwi,
Firman dwi,
Harry D. Bean,
Harry D. Bean,
Harry D. Bean,
Harry D. Bean,
Plancrypto,
Plancrypto,
heart excel,
heart excel,
heart excel,
heart excel,
Arowolo Korede muhammed,
Arowolo Korede muhammed,
ã²ã§ãã‚“,
ã²ã§ãã‚“,
ã²ã§ãã‚“,
Adeyemi Adedayo,
Adeyemi Adedayo,
Adeyemi Adedayo,
Mardilyn Martus,
Mardilyn Martus,
Winter is coming,
Winter is coming,
DZ BTC,
DZ BTC,
Ichsan Aryadi #TraxionICO,
Ichsan Aryadi #TraxionICO,
Ichsan Aryadi #TraxionICO,
Ichsan Aryadi #TraxionICO,
Prince Oche M$NÂ£Â¥â„¢Â®,
Prince Oche M$NÂ£Â¥â„¢Â®,
Ebere Peace,
Ebere Peace,
ğŸ’µ ğŸ’° ğŸš€ A I R D R O P S ğŸš€ ğŸ’°ğŸ’µ,
ğŸ’µ ğŸ’° ğŸš€ A I R D R O P S ğŸš€ ğŸ’°ğŸ’µ,
Crptobart,
Crptobart,
Crptobart,
Crptobart,
Warren Young,
Warren Young,
ĞĞ°ÑÑ‚Ñ ĞĞ°ÑÑ‚Ñ,
ĞĞ°ÑÑ‚Ñ ĞĞ°ÑÑ‚Ñ,
ĞĞ°ÑÑ‚Ñ ĞĞ°ÑÑ‚Ñ,
Vasilis Pasparas,
Vasilis Pasparas,
Vasilis Pasparas,
Viejonazo89 [BTC/LTC],
Viejonazo89 [BTC/LTC],
ĞĞ»ĞµĞ³ ĞšĞ¸Ñ€'ÑĞ½,
ĞĞ»ĞµĞ³ ĞšĞ¸Ñ€'ÑĞ½,
Joshua,
Joshua,
Xavier Iturralde âš¡ï¸,
Xavier Iturralde âš¡ï¸,
Ievgen,
Ievgen,
Lindo Â¿,
Lindo Â¿,
CryptoZeeN,
CryptoZeeN,
CryptoZeeN,
CryptoZeeN,
Gabriel âš¡ï¸âš¡ï¸âš¡ï¸,
Gabriel âš¡ï¸âš¡ï¸âš¡ï¸,
Chao,
Chao,
CRYPTOSHELDON #followme,
CRYPTOSHELDON #followme,
INFORUM#FF & #FFBACK,
INFORUM#FF & #FFBACK,
Akinbola Abidemi,
Akinbola Abidemi,
Lady Airdrop,
Lady Airdrop,
ZEEKAY,
ZEEKAY,
Hidhid,
Hidhid,
Hidhid,
Juan Carlos Rangel,
Juan Carlos Rangel,
gary castell,
gary castell,
Dr. Kash Sirinanda,
Dr. Kash Sirinanda,
Lukemanz,
Lukemanz,
Lukemanz,
Lukemanz,
airdrop,
airdrop,
Smyle,
Smyle,
Amos Chukwunonso,
Amos Chukwunonso,
Ğ”Ğ¼Ğ¸Ñ‚Ñ€Ğ¸Ğ¹ Ğ—Ğ°Ğ´ĞºĞ¾Ğ²,
Ğ”Ğ¼Ğ¸Ñ‚Ñ€Ğ¸Ğ¹ Ğ—Ğ°Ğ´ĞºĞ¾Ğ²,
Ludovic Hardy,
Ludovic Hardy,
Shree Nuri,
Shree Nuri,
Shree Nuri,
Shree Nuri,
Shree Nuri,
Shree Nuri,
BLACKPHANTOM XVG HOLDER@#1PRIVACY COINğŸ™ˆğŸ™‰ğŸ™ŠğŸ’£ğŸ’,
BLACKPHANTOM XVG HOLDER@#1PRIVACY COINğŸ™ˆğŸ™‰ğŸ™ŠğŸ’£ğŸ’,
ETHEREUM.ORG,
ETHEREUM.ORG,
ETHEREUM.ORG,
ETHEREUM.ORG,
ETHEREUM.ORG,
ETHEREUM.ORG,
ETHEREUM.ORG,
Habib khan,
Habib khan,
Omole Oluwaseye,
Omole Oluwaseye,
Farooq,
Farooq,
CryptOrthoReb,
CryptOrthoReb,
Reema Haddad,
Reema Haddad,
Divo Cooga,
Divo Cooga,
Afolayan Olayemi,
Afolayan Olayemi,
vhenialmis,
vhenialmis,
vhenialmis,
vhenialmis,
B  O  E,
B  O  E,
B  O  E,
Milosz Labinski,
Milosz Labinski,
Sarang Burung Berjuta Manfaat,
Sarang Burung Berjuta Manfaat,
Willy Amos,
Willy Amos,
Reinforce Lab,
Reinforce Lab,
AlienWithBTC - #TraXionICO,
AlienWithBTC - #TraXionICO,
AlienWithBTC - #TraXionICO,
AlienWithBTC - #TraXionICO,
Jamal uddin,
Jamal uddin,
Joseph Johns-OLXAcoin.com,
Joseph Johns-OLXAcoin.com,
Joseph Johns-OLXAcoin.com,
Iloh Kelechi,
Iloh Kelechi,
Rok Nemo,
Rok Nemo,
Wad Up Cryp,
Wad Up Cryp,
Muhamad Arifin,
Muhamad Arifin,
MN_Sidiks -follback?,
MN_Sidiks -follback?,
MN_Sidiks -follback?,
Okeke Augustine C,
Okeke Augustine C,
lantom58899,
lantom58899,
lantom58899,
Coinsland,
Coinsland,
Coinsland,
maxis baron,
maxis baron,
maxis baron,
maxis baron,
maxis baron,
maxis baron,
Amanda,
Amanda,
Fred Winner,
Fred Winner,
Fred Winner,
Fissioncoincash,
Fissioncoincash,
Sushama Ananna,
Sushama Ananna,
