Sat,CRYPTO‚Äè ‚ö°Ô∏è‡∏øISCOTTI II,RT @ArminVanBitcoin: I absolutely love this! üòç A game where anyone can participate and paint on a million pixel canvas for 1 satoshi per pi‚Ä¶,87,False,20,0
Fri,Aam Satrio,"RT @coinnup: The MVP (Minimum Viable Product) of the Paymaz Exchange is being created by the team at Coinnup.
#cryptocurrency #bitcoin #blo‚Ä¶",2461,False,45,0
Thu,–î–∑—é–±–∞ –Ø—Ä–æ—Å–ª–∞–≤,RT @tvtwocom: Join our community on Telegram üöÄ https://t.co/GNzDB29Lpn // #tvrevolution #crypto #cryptocurrencies #bitcoin #ethereum #block‚Ä¶,164967,False,50,0
Wed,RACKY CHUA,RT @NassimBahloul: A New Innovative Protocol Is Born @EXRNToken #blockchain #swap #token #transactions #payment #cryptocurrencies #ethereum‚Ä¶,11,False,12,0
Tue,Marraud des Grottes,"RT @GreshamINTL: While there are many potential benefits to cryptocurrency, one has to acknowledge this new form of money has gotten a bad‚Ä¶",2114,False,1,0
Mon,Ora Mounce,"RT @Fullbeerbottle: So, what‚Äôs going to be the catalyst for massive amounts of volume and an influx of new people this time around? A #Bitc‚Ä¶",71,False,2,0
Sun,Crypto Airdrops,"RT @CoinAirdropsAll: #Bitcoin #Satoshi #Earn_Money #cryptocurrency #blockchain #Airdrop
New Airdrop #Aelf üì¢

Aelf giving away 1000 coins ev‚Ä¶",188,False,10,0
Sat,Grumpy McGrumpface,RT @KryptykHex: #Bitcoin is by far the most energy efficient monetary system we've ever designed. https://t.co/XRg0pwF96h,503,False,687,0
Fri,Raphsmile,"RT @0xgang: Get More Tokens: Send a minimum of 0.001ETH to 0xd506e5e57e22c695bf28c96e73c296051177a678, and get 444,444 tokens.

The more yo‚Ä¶",0,False,3186,0
Thu,Aam Satrio,"RT @coinnup: @coinnup has adhered to all the regulations governing a #Blockchain business as laid down by Estonian authorities.
#cryptocurr‚Ä¶",2461,False,24,0
Wed,Bitcoin Ticker Hourly,#Bitcoin Price 7627.01 USD via Chain,60,False,0,0
Tue,Kpsserkan2561,You don‚Äôt have to worry about unbalanced teams anymore. Genbby automatically pairs you with other players based on‚Ä¶ https://t.co/uNeE1O54U1,3408,False,0,0
Mon,Cheffy,"$DEA #DEGASCOIN 
DEA coin Hardfork Swap alert bitcointalk topic=4444216
Will now get a New Blockchain , New Website‚Ä¶ https://t.co/cIsJInloEA",1204,False,0,0
Sun,Aam Satrio,"RT @coinnup: @coinnup presents a unified interface while connecting the major components of Digital Asset Management. 
#cryptocurrency #bit‚Ä¶",2461,False,36,0
Sat,bitsmart.io‚ö°BTCbot,BTC $7642.75 Down -$24.25 -0.32% in the last hour #bitcoin #bitsmart,138,False,0,0
Fri,Bitcoin average,Current price of #Bitcoin is $7627.01,95,False,0,0
Thu,CoinNuts,"News from:CCN | Vietnam Investigates Alleged $660 Million ICO Fraud of Pincoin, Ifan - https://t.co/LX1fhk6zQW -‚Ä¶ https://t.co/z6TcMEF6r2",1162,False,0,0
Wed,BTCpx,Current price of Bitcoin is $7627.01 #bitcoin #btc $btc https://t.co/EzpRj0ahIn,3522,False,0,0
Tue,CRYPTON NEWS,The European Union's plan to impose tariffs on roughly $3.3 billion worth of American goods will go into effect in‚Ä¶ https://t.co/FjKVKkLqzK,1624,False,0,0
Mon,Charlotte Sims,"RT @0xgang: 444Million Token Airdrop Starts!!!

Join Now: https://t.co/H0TtkEtLr7

#Airdrop #freetoken #freecoin #erc20 #ethereum #eth #eth‚Ä¶",302,False,3074,0
Sun,jamie worsfold,"RT @kilrau: We did it! üôå #2 Atomic Swap on Lightning between BTC &amp; LTC!

Kudos to @bitconner from @lightning pioneering this. Who is #3? @S‚Ä¶",72,False,482,0
Sat,dilip kumar,"RT @ZupplyICO: It's time to EXCHANGE your $ZUP 

https://t.co/Hriwlqi9If

#Traders #Crypto #cryptocurrency #cryptocurrencynews #cryptocurre‚Ä¶",26,False,13,0
Fri,Garry Truman,"RT @digitalticks: Connect now to Official Telegram Channel for Live updates about Digital Ticks Exchange
#digitalticksexchange #telegram #b‚Ä¶",4272,False,239,0
Thu,Nahida akter,"#Konios #ICO #Bitcoin
To all our NETHERLAND FRIENDS
We will come to amsterdam for the Blockchain.",9963,False,0,0
Wed,Fabien Vernagallo,"RT @Blockchainlife: Billionaire Mike Novogratz, someone with a large network in the financial market: Institutional money is getting ready‚Ä¶",189,False,294,0
Tue,Aam Satrio,"RT @coinnup: @coinnup Smart Link works as a Bridge between a user‚Äôs Bank Account, Credit card, Debit card, and the Coinnup platform.
#crypt‚Ä¶",2461,False,6,0
Mon,Invest Altcoins ‚ù§‚ö°Ô∏è üá¨üáß,"RT @Fullbeerbottle: So, what‚Äôs going to be the catalyst for massive amounts of volume and an influx of new people this time around? A #Bitc‚Ä¶",3883,False,2,0
Sun,Anntoneith Breach,"RT @BTCTN: Putin: Cryptocurrency Has Its Place, No State Can Have Own Crypto https://t.co/BoubhBEsXC #Bitcoin https://t.co/E0qTNSX0oL",5,False,88,0
Sat,Marraud des Grottes,"RT @GreshamINTL: Months after being identified as a hotspot for crypto miners, the Canadian province of Quebec suspended approvals for any‚Ä¶",2114,False,1,0
Fri,–î–º–∏—Ç—Ä–∏–π,"RT @CrowdIf: Hey CrowdIF-ires! Your favorite project has been covered by renowned Russian Crypto YouTube channel.
 Check out the coverage h‚Ä¶",24,False,15,0
Thu,Agis Tajla Fauzi,RT @gamelootnetwork: Game Loot Network‚Ñ¢ will champion developers and gamers by creating a virtual platform that rewards players with real-v‚Ä¶,2050,False,13,0
Wed,–î–º–∏—Ç—Ä–∏–π,"RT @CrowdIf: CrowdIF ICO starts on  25th June  - 10th July, 2018 
Get an instant US$10 bonus on joining the white list today!
Flat 5% ICO r‚Ä¶",24,False,1,0
Tue,Bright Jacobs,"RT @0xgang: 444Million Token Airdrop Starts!!!

Join Now: https://t.co/H0TtkEtLr7

#Airdrop #freetoken #freecoin #erc20 #ethereum #eth #eth‚Ä¶",187,False,3074,0
Mon,Emptybeerbottle,"So, what‚Äôs going to be the catalyst for massive amounts of volume and an influx of new people this time around? A‚Ä¶ https://t.co/8meXlH7NuM",27909,False,2,1
Sun,Jerry Carlson,"RT @0xgang: Get More Tokens: Send a minimum of 0.001ETH to 0xd506e5e57e22c695bf28c96e73c296051177a678, and get 444,444 tokens.

The more yo‚Ä¶",398,False,3186,0
Sat,sakil,"RT @Blockchainlife: #Bitcoin average DAILY value change:
2010: +0.82%
2011: +0.76%
2012: +0.26%
2013: +1.11%
2014: -0.25%
2015: +0.09%
2016‚Ä¶",0,False,103,0
Fri,Charlotte Sims,"RT @0xgang: Get More Tokens: Send a minimum of 0.001ETH to 0xd506e5e57e22c695bf28c96e73c296051177a678, and get 444,444 tokens.

The more yo‚Ä¶",302,False,3186,0
Thu,Nguy·ªÖn Th·∫ø H·∫£i,"Opiria allows them to at least be directly paid for this information,  and completely protects their privacy becaus‚Ä¶ https://t.co/pSWis6vLDq",4080,False,0,0
Wed,Vergenful,RT @TV_crypto: üò±üò±üò± Whoop Whoop. I can‚Äôt wait to get this launched!! $linda #linda to pluto. üöÄüöÄüöÄ You should add more coins before you regret‚Ä¶,17,False,13,0
Tue,Bull,RT @vxschmid: #Bitcoin costs part I: Bitcoin beats every alternative in dollar costs even though they have risen to $5B 2017 est. Caveats:‚Ä¶,334,False,62,0
Mon,Aam Satrio,"RT @decoin_io: Our airdrop program is still live!
A total of  55,000 Dtep Coin with a value of $50,000 are up for grabs!

Visit our Airdrop‚Ä¶",2461,False,121,0
Sun,–ì–æ—Ä–±—É–Ω–æ–≤–∞ –°–≤–µ—Ç–ª–∞–Ω–∞,"RT @freecryptobot: FREE BITTREX TRADING BOT / CRYPTO CURRENCIES TRADING SIGNALS 24/7 live
https://t.co/CV3V22ttNj via @YouTube
#NEWS #BTC #‚Ä¶",3,False,375,0
Sat,CryptoNews,China as a Prime Example of ‚ÄúBlockchain Before Bitcoin‚Äù Policy https://t.co/6SdAGM6BvA #bitcoin #crypto https://t.co/GwncM4jA7z,10230,False,0,0
Fri,Crowd IF,"CrowdIF ICO starts on  25th June  - 10th July, 2018 
Get an instant US$10 bonus on joining the white list today!
Fl‚Ä¶ https://t.co/QEVEPKDygX",259,False,1,1
Thu,analyst5,"#crypto price changes last hour

üöÄ
$CLAM +7.14%
$GLD +4.95%
$WAVES +4.58%

üåßÔ∏è
$RBY -5.86%
$XMG -4.83%
$RADS -4.42%

#bitcoin #cryptocurrency",5959,False,0,0
Wed,Garry Truman,"RT @coinnup: @coinnup presents a unified interface while connecting the major components of Digital Asset Management. 
#cryptocurrency #bit‚Ä¶",4272,False,36,0
Tue,Crypto Airdrops,"RT @CoinAirdropsAll: #Bitcoin #cryptocurrency #Airdrop
New Airdrop #Aicrypto üì¢

Aicrypto is airdropping 2000 #AIC Tokens to Community Membe‚Ä¶",188,False,12,0
Mon,Airdrop Expressway üõ©,"The EOS Blockchain Isn't Live Yet, But It's Getting Close #bitcoin https://t.co/nJMm98qdjH",196,False,0,0
Sun,WallSt.ForSale,"RT @David91Fry: Meet new technologies of advertisements from the platform , which offers advertising to an interested and educated audience‚Ä¶",1988,False,1,0
Sat,Todd Phillips Exec. MBA,RT @SamitRng: What are some advantages of #Blockchain?   https://t.co/szqpqm2XIo   [@jblefevre60 @ar_reverie] MT  #blockchains @Fisher85M #‚Ä¶,814,False,13,0
Fri,hate love,"RT @coinnup: @coinnup has adhered to all the regulations governing a #Blockchain business as laid down by Estonian authorities.
#cryptocurr‚Ä¶",3252,False,24,0
Thu,CryptosBatman,"RT @Nebula_Exchange: Now people in Japan get more out of #bitcoin than just profits, a Japanese company called Abic is giving out loans aga‚Ä¶",1903,False,1,0
Wed,Matt Cooksey,"RT @decoin_io: Good news everyone! Due to community request and huge demand, we will be extending our pre sale stage for 22 hours. Get that‚Ä¶",5038,False,400,0
Tue,AirDrop Token Coin Free,"RT @capital_company: EXCLUSIVE AIRDROP!
We decided to give 100,000 CALL &amp; 20,000,000 CALLG to our supporters. If you want to join, follow t‚Ä¶",2420,False,448,0
Mon,Wilko !,"RT @SuretyToken: The surety airdrop is here receive up to $400 in surety tokens. 
Sign up and complete the airdrop procedure to receive you‚Ä¶",641,False,642,0
Sun,Elixium Crypto,"Are you Bullish or Bearish on the #SP500?

1 - 20x Leverage ‚úÖ

‚ñ∂Ô∏è https://t.co/yfuS25BFRM ‚óÄÔ∏è

Register Now &amp; go Lon‚Ä¶ https://t.co/O6HbpPcX3z",55264,False,0,0
Sat,Bitcoin‚Äôde ≈ûuan,Bitcoin 7627.01 $ #bitcoin,337,False,0,0
Fri,‚Ñ¢NDOOuLL,"RT @OnasanderICO: Onasander Airdrop! $3,000 give away every week!
First Investment Bank running on Blockchain.

Go to Airdrop Page : https:‚Ä¶",1012,False,8390,0
Thu,Chris Svorcik,Bitcoin Bearish Triangle Could Aim and Reverse at $5000 https://t.co/LDUhwa3kQO #Cryptos #Cryptocurrency #Gold‚Ä¶ https://t.co/ofzuYvOZqf,5697,False,0,0
Wed,Earn Money Online Opportunity,"RT @RandolphMlny: #Bitcoin #crypto #blockchain #Airdrop

Earn Passive Income in #Ether from Ether Estate's Collectibles #Game! üì¢

#EtherEst‚Ä¶",605,False,11,0
Tue,Khanya Tamse,"RT @mphodagada: Cryptocurrency Conference 10 am today at the Sandton Hilton Hotel.

Address: 138 Rivonia Rd, Sandown, Sandton, 2196

#MrBit‚Ä¶",16,False,4,0
Mon,Ahsad Ahmed,"RT @MPCXPlatform: Today we decided to rest from the metropolitan fuss, and met with the investor in the beautiful city of Windsorüá¨üáßüá¨üáßüá¨üáß! Ch‚Ä¶",6375,False,368,0
Sun,Bitx,"Current #crypto prices on #Bittrex:

#Bitcoin at $7,615, down -0.1%.
#Ethereum at $602, down -0.4%.
#Ripple at $0.6‚Ä¶ https://t.co/LDYti7uP22",200,False,0,0
Sat,(Ptaah‚ô≠) Gohan #TouchePasAMonMcDo,RT @KryptykHex: #Bitcoin is by far the most energy efficient monetary system we've ever designed. https://t.co/XRg0pwF96h,1064,False,687,0
Fri,M√°rio Cesar dos Santos,RT @BTCTN: Flash Transfer: Bitcoin Hodlers Dumped $30 Billion Since December https://t.co/mH45c5oQmn #Bitcoin https://t.co/0vFu9guFpC,38,False,36,0
Thu,Sunnyvale S.r.l.,Current price of #Bitcoin is $7627.01,804,False,0,0
Wed,FeesBitcoin,"#Bitcoin $7,626.17 v #BitcoinCash $1,118.53 (BTC/BCH 6.8), Avg Transaction fee for #Bitcoin ~$0.68 v #BitcoinCash ~‚Ä¶ https://t.co/XDGsvX7BHr",82,False,0,0
Tue,David Fry,BITEX Services will be operated by local partners that license the Bitex platform as a franchise and who will regis‚Ä¶ https://t.co/TdluKWQOs6,4367,False,0,1
Mon,üåé semanticearth.com,"RT @Blockchainlife: Three apartments in the residential complex ""Dukley Gardens"" in Montenegro were sold for 420 #Bitcoins to a 25-year-old‚Ä¶",21222,False,128,0
Sun,Mamamoo Jjang üíõüíõüíõüíõ,"RT @SuretyToken: The surety airdrop is here receive up to $400 in surety tokens. 
Sign up and complete the airdrop procedure to receive you‚Ä¶",796,False,642,0
Sat,David Fry,"Meet new technologies of advertisements from the platform , which offers advertising to an interested and educated‚Ä¶ https://t.co/7AycCHNmZV",4367,False,1,1
Fri,Nahida akter,"#Konios #ico #Bitcoin
We wrote an article to give you more insight about his background and function within the Konios Project",9963,False,0,0
Thu,„Åï„Å®,"RT @TokenGit: I will choose 20 random followers to win 0.2 ETH

Please:

1. FOLLOW
2. LIKE AND RETWEET 
3. Comment your ETH address

#airdr‚Ä¶",255,False,44,0
Wed,Global SEO Links,"I have read your technical documentation. A great project, I really believe in the progress of your project  Websit‚Ä¶ https://t.co/3gIrPi5aJa",11506,False,0,0
Tue,Crypto Airdrops,"RT @CoinsAirdrops: #Bitcoin #Satoshi #crypto #blockchain #Airdrop
New Airdrop #HybridBlock üì¢

Hybrid Block Airdropping 10,000,000 #Hybrid T‚Ä¶",423,False,3,0
Mon,BTC Pulse,"BTC hourly update
$7652.32    |    -0.0027%üìâ
$BTC #BTCUSD #Bitcoin",180,False,0,0
Sun,Kickassmagoo,RT @ArminVanBitcoin: The game of Monopoly will teach you more about economics and finance than any College or University. üíµüéìüëá #bitcoin #hod‚Ä¶,249,False,149,0
Sat,logangbit,"RT @decoin_io: Our airdrop program is still live!
A total of  55,000 Dtep Coin with a value of $50,000 are up for grabs!

Visit our Airdrop‚Ä¶",2435,False,121,0
Fri,CGWM UK,Do you fully understand #bitcoin and #cryptocurrencies? Learn more here. https://t.co/3nzWquPO8n,809,False,0,0
Thu,Milanoh,RT @ArminVanBitcoin: The game of Monopoly will teach you more about economics and finance than any College or University. üíµüéìüëá #bitcoin #hod‚Ä¶,105,False,149,0
Wed,Cardano Price Ticker,#ADA Price is 0.00002708 (-0.00000005) #BTC / 0.2069 (-0.00083) #USD. Market rank is 8. #cardano #bitcoin #blockchain,195,False,0,0
Tue,Coinbelly,"The latest #bitcoin quote is $8,139.36 https://t.co/L4sOwKzk6h",537,False,0,0
Mon,Substratum Price Ticker,#SUB Price is 0.00004879 (-0.00000016) #BTC / 0.372726 (-0.00206) #USD. Market rank is 94. #substratum #bitcoin #blockchain,176,False,0,0
Sun,Dash Price Ticker,#DASH Price is 0.039827 (+0.00037160) #BTC / 304.248 (+2.51200) #USD. Market rank is 14. #dash #bitcoin #blockchain,76,False,0,0
Sat,'ghalz_Pangeztu,"RT @CoinPulseEx: John McAfee likes CoinPulse Exchange! Please retweet! 

#cpex #coinpulse #ebch #mcafee #bitcoin https://t.co/9ooIggeFFj",128,False,239,0
Fri,NEM Price Ticker,#XEM Price is 0.00003343 (-0.00000013) #BTC / 0.2554 (-0.00152) #USD. Market rank is 15. #nem #bitcoin #blockchain,79,False,0,0
Thu,EOS Price Ticker,#EOS Price is 0.00189844 (-0.00001177) #BTC / 14.5026 (-0.10580) #USD. Market rank is 5. #eos #bitcoin #blockchain,109,False,0,0
Wed,Bitcoin Warrior,RT @ErikVoorhees: Speaking on Bloomberg today re crypto and regulators https://t.co/lxJvNg596X #Bitcoin #Ethereum #blockchain @ShapeShift_io,12283,False,76,0
Tue,East End Boating,RT @ClerisyDatabase: Learn more about SKS Media offerings &gt; https://t.co/0a9Mzz1RJa¬† #sks8 #btc #bitcoin #superyachts #rt #ff https://t.co/‚Ä¶,26061,False,1,0
Mon,Loading...,RT @BTCDJS: Here is the street beggars QR code for easy ness #bitcoin $BTCUSD https://t.co/eaAwyIdePh,14688,False,4,0
Sun,–§–∏–ª–∞—Ç–æ–≤–∞ –ó–∏–Ω–∞–∏–¥–∞,"RT @KoronaCoin: üìâüìàWill the üëëKorona project become a success?‚¨á

üåêhttps://t.co/TdvHuMq4fy

#koronacoin #bitcoin #ethereum #litecoin #blockcha‚Ä¶",5107,False,93,0
Sat,CryptoNewswire üåê,BTC/USD Orderbook Density - Asks: $123274/$ within $7620-$7900 range ; Bids: $131434/$ within $7400-$7620 range‚Ä¶ https://t.co/0cZtHzjqR5,9368,False,0,1
Fri,CryptoNewswire üåê,Top 6 BTC/USD Exchange Orderbooks: Resistance til $7900:$34.5M; Support til $7400:$28.9M $BTC $BTCUSD #bitcoin #orderbook #cryptocurrency,9368,False,0,1
Thu,Tom Duffy,"RT @qurrex: The Beta version of Qurrex amazing trading platform is already online at https://t.co/bTE3XwJ7a9

#TokenSale #bitcoin #crypto #‚Ä¶",4457,False,352,0
Wed,Crypto Adam,"RT @decoin_io: Hi Decoin Community,
Our presale stage 2 is open! Dtep coin price of .65$ for only 14 days! We already sold 2.6m worth of dt‚Ä¶",5109,False,248,0
Tue,Cryptocurrency Education,Binance is the Biggest Crytpcurrency Exchange #binance #bitcoin #ripple #ton https://t.co/HkxTiudyLF https://t.co/V2w7dYJjW6,275,False,0,0
Mon,Wayne Knox,"Jun 09, 2018 02:00AM #Bitcoin Price:
USD 7650.68 | EUR 6474.53 | JPY 836955.22",180,False,0,0
Sun,Bitsend Masternodes,"#cryptocurrency Price Analysis for #Bitsend #BSD : ‚¨áÔ∏è
Last Hour Change : -0.16 % || 09-06-2018 11:00
Price in #USD‚Ä¶ https://t.co/APn2UvxSjb",338,False,0,0
Sat,Crypto Airdrops,"RT @CoinAirdropsAll: #Bitcoin #cryptocurrency #Airdrop
New Airdrop #PokemonGo üì¢

PokemonGo Airdrop - 10000 #PKG TokensüéÅüí∞üíé

Click here : htt‚Ä¶",188,False,7,0
Fri,Tom Duffy,"RT @qurrex: Don't miss LAST CHANCE to join the amazing future of #cryptotrading
https://t.co/MTgWaofiM2     
ONLY ONE DAY LEFT

#TokenSale‚Ä¶",4457,False,29,0
Thu,bitcointicker.co,One Bitcoin now worth $7624.15@bitstamp. High $7686.450. Low $7542.000. Market Cap $130.243 Billion #bitcoin https://t.co/sYg0IPo9Z9,2847,False,0,0
Wed,Crypto Trader,"Bitcoin: $7,615.11
 +0.05% (+$4.08)
High: $7,700
Low: $7,534.10
Volume: 541

$BTC #BTC #bitcoin",654,False,0,0
Tue,cryptanalyser,#BTCUSD Market #1H timeframe on  June 9 at 08:00 (UTC)  is #Bearish.  #cryptocurrency #bitcoin  #btc #crypto‚Ä¶ https://t.co/0d11hMNPmi,16,False,0,1
Mon,SlammingPicks,"Move your #bitcoin mining business from #China to #Canada https://t.co/PEIcarJOB0 #ethereum , #EthereumClassic,‚Ä¶ https://t.co/fsVLNK5Yhx",5704,False,0,0
Sun,Coinlerin Efendisi,[TR] 09/06/2018 10:00:01 Bitcoin: ‚Ç∫34635 Ethereum: ‚Ç∫2738  #bitcoin #ethereum #altcoin #coin #blockchain #crypto‚Ä¶ https://t.co/xFZalVO2l0,1062,False,0,0
Sat,Bitcoin Dominance,Current BTC Dominance: 38.11% #Bitcoin #Altcoin #Cryptocurrency,1957,False,0,0
Fri,Napalm Death Bot,"You Suffer . . . But why !? Bitcoin just hit $7,627.27, time to remotely toggle your rig at home... #bitcoin",36,False,0,0
Thu,Coinstats,"Bitcoin - BTC
Price: $7,647.84
Change in 1h: -0.25%
Market cap: $130,652,257,032.00
Ranking: 1
#Bitcoin #BTC",3720,False,0,0
Wed,Cloud Mining Monitor,"Bitcoin‚Äôs current exchange rate is 7630.03 USD.

START BITCOIN MINING TODAY! 

Compare and choose the most profitab‚Ä¶ https://t.co/Y9qEp8lAGM",14905,False,0,0
Tue,Coinlerin Efendisi,[USD] 09/06/2018 10:00:01 Bitcoin: $7647.84 Ethereum: $604.954  #bitcoin #ethereum #altcoin #coin #blockchain‚Ä¶ https://t.co/sxDfwitWAs,1062,False,0,0
Mon,Coin Trading Analytics,"Top 100 avg 24h return: -0.1¬±2.7%; 48 up, 52 down
$BTC 0.1%  $ETH 0.2%
Best:
12.1% $BIX @Bibox365
8.6% $DGB‚Ä¶ https://t.co/4jj73L0Dfz",1440,False,0,0
Sun,Sinta Hanna,RT @dovenetworketh: This is the official Twitter account of the Dove Network. #Blockchain #ETHEREUM #bitcoinnews #bitcoin #blockchaintechno‚Ä¶,4912,False,203,0
Sat,–í–∏–∫—Ç–æ—Ä –°–µ–ª–∏–≤—ë—Ä—Å—Ç–æ–≤,"RT @lightningncom: We are airdropping 100 LightningNet (LNET)! üöÄ Follow us, join our telegram (https://t.co/vYgzEWTiwU ) and retweet this t‚Ä¶",852,False,7483,0
Fri,Jason Romano,"Awesome company, with great potential, I believe in her success and advise you! Continue to follow the news!‚Ä¶ https://t.co/3m5BapsHAa",4506,False,0,0
Thu,–ó–∞–¥–æ—Ä–æ–∂–Ω—ã–π –ê–Ω–¥—Ä–µ–π,"RT @airdrops_me: üì¢We are building A Big #Crypto Distribution Platform (ABCDE)üí∞and our GIVE #airdrop is live üòç

https://t.co/Ts1qruRsF8

#cr‚Ä¶",4,False,277,0
Wed,hE'z JuSt CrAzY üá≥üá¨,"RT @0xgang: 444Million Token Airdrop Starts!!!

Join Now: https://t.co/H0TtkEtLr7

#Airdrop #freetoken #freecoin #erc20 #ethereum #eth #eth‚Ä¶",3290,False,3074,0
Tue,Marry Sueberg,"RT @digital_praveen: I will choose 20 random followers to win 0.2 ETH

Please:

1. FOLLOW Biggest crypto channel 
2. Share with your friend‚Ä¶",3221,False,1,0
Mon,Adrian Hibbert,RT @IncomeResource: Claim Your FREE System and Rake In 127 Leads DAILY With NO Paid Advertising. https://t.co/IuwnvBuFYw #biztips #mlm #MLM‚Ä¶,17946,False,3,0
Sun,The Signal,Don't want to miss any of our free #crypto trade #Signals? Want to be updated instantly on our premium channel‚Ä¶ https://t.co/HHxx6ZqLnr,4422,False,0,0
Sat,Milanoh,"RT @Blockchainlife: #Bitcoin average DAILY value change:
2010: +0.82%
2011: +0.76%
2012: +0.26%
2013: +1.11%
2014: -0.25%
2015: +0.09%
2016‚Ä¶",105,False,103,0
Fri,Sinta Hanna,"RT @dovenetworketh: What is Dove Network?
At Dove, we are building the future for humans and machines to interact. We are leveraging blockc‚Ä¶",4912,False,125,0
Thu,–§–∏–ª–∞—Ç–æ–≤–∞ –ó–∏–Ω–∞–∏–¥–∞,"RT @coinnup: @coinnup presents a unified interface while connecting the major components of Digital Asset Management. 
#cryptocurrency #bit‚Ä¶",5107,False,36,0
Wed,Nahida akter,"#Konios #ICO #Bitcoin
We are excited to announce our newest Team Member Damilare Binutu.",9963,False,0,0
Tue,¬´CrYpt0PreDicToR¬ª,RT @CRYPTOQUEEN786: #BITCOIN CORRECTION DETAIL @CrYpt0PreDicToR  @ZakaWaqar  @Pakicrypto üëèüëèüëèüëè https://t.co/vfW5Hd4io4,3241,False,1,0
Mon,Bright Jacobs,"RT @0xgang: Get More Tokens: Send a minimum of 0.001ETH to 0xd506e5e57e22c695bf28c96e73c296051177a678, and get 444,444 tokens.

The more yo‚Ä¶",187,False,3187,0
Sun,B∆°…≤…ó—î“≥69,"RT @ICOsprintx: #HappyMonday üòéüëäüèª
From everyone at #SprintX we want to wish YOU an excellent week full of achievements and opportunities in‚Ä¶",9910,False,758,0
Sat,#–≤–∑–∞–∏–º–Ω–∞—è_–ø–æ–¥–ø–∏—Å–∫–∞ #follow #followback,"RT @qurrex: The Beta version of Qurrex amazing trading platform is already online at https://t.co/bTE3XwJ7a9

#TokenSale #bitcoin #crypto #‚Ä¶",1751,False,352,0
Fri,vmly014,"RT @SuretyToken: The surety airdrop is here receive up to $400 in surety tokens. 
Sign up and complete the airdrop procedure to receive you‚Ä¶",17,False,643,0
Thu,Folorunso Adewale Gabriel,"RT @0xgang: Get More Tokens: Send a minimum of 0.001ETH to 0xd506e5e57e22c695bf28c96e73c296051177a678, and get 444,444 tokens.

The more yo‚Ä¶",44,False,3187,0
Wed,#–≤–∑–∞–∏–º–Ω–∞—è_–ø–æ–¥–ø–∏—Å–∫–∞ #follow #followback,"RT @qurrex: Don't miss LAST CHANCE to join the amazing future of #cryptotrading
https://t.co/MTgWaofiM2     
ONLY ONE DAY LEFT

#TokenSale‚Ä¶",1751,False,29,0
Tue,Evanne Rey Mumar,"RT @monerodiamond: Discover new #airdrop! 
Get 40,000 #tokens for #free!

1‚É£FOLLOW US!
2‚É£Retweet &amp; like our tweets
3‚É£Fill in https://t.co/r‚Ä¶",185,False,71,0
Mon,Michail Truan,"RT @0xgang: 444Million Token Airdrop Starts!!!

Join Now: https://t.co/H0TtkEtLr7

#Airdrop #freetoken #freecoin #erc20 #ethereum #eth #eth‚Ä¶",190,False,3074,0
Sun,Plan Bitcoin,RT @MindCrypto: #Bitcoin #BTC / #Dollar #USD &gt; big M breakout &gt; uptrend! &gt;&gt;&gt;  - #BTCUSD chart https://t.co/TXH8Mqhamk,3847,False,3,0
Sat,himanshu saluja,"RT @SuretyToken: The surety airdrop is here receive up to $400 in surety tokens. 
Sign up and complete the airdrop procedure to receive you‚Ä¶",24,False,643,0
Fri,Lhei Lopez,Orvium is the first open source and decentralized framework for managing scholarly publications‚Äô life cycles and th‚Ä¶ https://t.co/32PppVKeci,7446,False,0,0
Thu,Evanne Rey Mumar,"RT @monerodiamond: Get your hands on 40,000 #tokens for #free!

1‚É£FOLLOW OUR ACCOUNT!
2‚É£Retweet and like our posts
3‚É£Fill in https://t.co/r‚Ä¶",185,False,12,0
Wed,Yuliya Petrova,"RT @Autobayio: Finally the winner of the last #Autobay &amp; #howdoo  Competition $400 worth of tokens.

Join at:
https://t.co/8igYx6h5lW

#ETH‚Ä¶",2111,False,150,0
Tue,CoinsNewsUpdate.com,"Haas School of Business joins University Blockchain Research Initiative https://t.co/Huc3sLcmEG
 #Bitcoin",1543,False,0,0
Mon,–§–∏–ª–∞—Ç–æ–≤–∞ –ó–∏–Ω–∞–∏–¥–∞,"RT @qurrex: Are you interested in #trading on fast, reliable, secure and transparent  #TradingPlatform? Look at #Qurrex 
https://t.co/ajptB‚Ä¶",5107,False,573,0
Sun,Evanne Rey Mumar,"RT @monerodiamond: To all #bountyhunters!
Earn up to 40,000 #tokens for #free!

1. FOLLOW US
2. Retweet &amp; LIKE our tweets
3. Fill in https:‚Ä¶",185,False,575,0
Sat,–§–∏–ª–∞—Ç–æ–≤–∞ –ó–∏–Ω–∞–∏–¥–∞,"RT @qurrex: Don't miss LAST CHANCE to join the amazing future of #cryptotrading
https://t.co/MTgWaofiM2   

#TokenSale #bitcoin #crypto #bl‚Ä¶",5107,False,499,0
Fri,bitcoinmux,"RT @qurrex: You wanna know what is QRX Token Mojo? Just watch this https://t.co/im5hSJgQDG
#Blockchain #Crypto #bitcoin #trading #Exchanges",2383,False,841,0
Thu,Coinlerin Efendisi,[TR] 09/06/2018 09:59:02 Bitcoin: ‚Ç∫34635 Ethereum: ‚Ç∫2738  #bitcoin #ethereum #altcoin #coin #blockchain #crypto‚Ä¶ https://t.co/1gyviQoaBl,1062,False,0,0
Wed,Coinlerin Efendisi,[USD] 09/06/2018 09:59:02 Bitcoin: $7647.84 Ethereum: $604.954  #bitcoin #ethereum #altcoin #coin #blockchain‚Ä¶ https://t.co/8FiwLvrpue,1062,False,0,0
Tue,Caroline,The latest Money Talks Today ! https://t.co/HRnnpDE0an #bitcoin #blockchain,825,False,0,0
Mon,vmly013,"RT @SuretyToken: The surety airdrop is here receive up to $400 in surety tokens. 
Sign up and complete the airdrop procedure to receive you‚Ä¶",18,False,643,0
Sun,federico ‚ö°Ô∏è,RT @ArminVanBitcoin: I absolutely love this! üòç A game where anyone can participate and paint on a million pixel canvas for 1 satoshi per pi‚Ä¶,31,False,20,0
Sat,hE'z JuSt CrAzY üá≥üá¨,"RT @0xgang: Get More Tokens: Send a minimum of 0.001ETH to 0xd506e5e57e22c695bf28c96e73c296051177a678, and get 444,444 tokens.

The more yo‚Ä¶",3290,False,3187,0
Fri,Laura Guzman,"RT @0xgang: 444Million Token Airdrop Starts!!!

Join Now: https://t.co/H0TtkEtLr7

#Airdrop #freetoken #freecoin #erc20 #ethereum #eth #eth‚Ä¶",298,False,3074,0
Thu,Crypto Airdrops,"RT @CoinAirdropsAll: #Bitcoin #Satoshi #Earn_Money #cryptocurrency #blockchain #Airdrop
New Airdrop #Globalcoins üì¢

NEW Globalcoins Airdrop‚Ä¶",188,False,8,0
Wed,Michail Truan,"RT @0xgang: Get More Tokens: Send a minimum of 0.001ETH to 0xd506e5e57e22c695bf28c96e73c296051177a678, and get 444,444 tokens.

The more yo‚Ä¶",190,False,3187,0
Tue,Blockchain-NetSEC,RT @Xentagz: #bitcoin Street Beggar https://t.co/hD0XjEHsyB,0,False,33,0
Mon,crypto vip signal,"I will choose 20 random followers to win 0.2 ETH

Please:

1. FOLLOW Biggest crypto channel 
2. Share with your fri‚Ä¶ https://t.co/VnQgkQF8wg",68,False,1,1
Sun,Earn Money Online Opportunity,"RT @RandolphMlny: #Bitcoin #Satoshi #Earn_Money #cryptocurrency #blockchain #Airdrop
New #Airdrop ‚úàÔ∏èüí∞#TRIPAGOTRAVELüì¢

TRIPAGOTRAVEL Airdrop‚Ä¶",605,False,4,0
Sat,Charmaine,"RT @SuretyToken: The surety airdrop is here receive up to $400 in surety tokens. 
Sign up and complete the airdrop procedure to receive you‚Ä¶",669,False,643,0
Fri,Andrej Lesjak,"RT @VandarGR: The #Prophecy Riddle 6 :
#Community driven coin or Not?

Seeking the #Heirs of the Legendary #Bitcoin
1586+ #Cryptocurrencies‚Ä¶",21,False,8,0
Thu,üöÄCRYPTOQUEENüöÄ,#BITCOIN CORRECTION DETAIL @CrYpt0PreDicToR  @ZakaWaqar  @Pakicrypto üëèüëèüëèüëè https://t.co/vfW5Hd4io4,69,False,1,1
Wed,–ù–∞–∑–∞—Ä,"#Buzcoin #ICO #Crowdsale #Bitcoin #Blockchain #Token #ETH #Ethereum #TokenSale
BITCOIN-Digital currency launched in‚Ä¶ https://t.co/USHxgJBeJW",7197,False,0,0
Tue,Cryptojaay,Bitcoin Multiplier Method So Simple use this strategy to copy other successful traders https://t.co/waK1N4SEIb‚Ä¶ https://t.co/pUWIVeFtTZ,18,False,0,0
Mon,Brandon Ragged,RT @btc: Steve Wozniak: ‚ÄúWhat an incredible thing #Bitcoin is...‚Äù #crypto https://t.co/ToZEZbed2i,30,False,32,0
Sun,–ê–ª–µ–∫—Å–∞–Ω–¥—Ä –°–ª–∏–≤–∏–Ω—Å–∫–∏–π,"RT @0xgang: Get More Tokens: Send a minimum of 0.001ETH to 0xd506e5e57e22c695bf28c96e73c296051177a678, and get 444,444 tokens.

The more yo‚Ä¶",20,False,3187,0
Sat,Sharenet Crypto,Check out our #cryptocurrency #heatmaps on our website https://t.co/wu915N8wsp its a handy way to see volume and pr‚Ä¶ https://t.co/RRH77qcCNX,87,False,0,0
Fri,ONE -follback?,"Condominium Coin Listed To MNO and MNP !!
https://t.co/uIMyVGYfUT 
https://t.co/JCGSGxE7ao 
https://t.co/pwYdJL9gEn‚Ä¶ https://t.co/lA85o0cJVH",11175,False,0,0
Thu,Abdul Hassan Kayode,"RT @CybitCorp: Ream more about it at https://t.co/CRmgkbaXFX
#finance #blockchain #cryptocurrency #crowdfunding #ICO #crypto
#blockchain #b‚Ä¶",147,False,119,0
Wed,Ariyzt - all about cryptocurrency #TraXionICO,"Get more info about Payera here : https://t.co/On1jJqA3g7 
Join telegram group : https://t.co/uZvwdgm7OS
PERA‚Ä¶ https://t.co/YFlbiBpYxA",10047,False,0,0
Tue,Laura Guzman,"RT @0xgang: Get More Tokens: Send a minimum of 0.001ETH to 0xd506e5e57e22c695bf28c96e73c296051177a678, and get 444,444 tokens.

The more yo‚Ä¶",298,False,3187,0
Mon,Cindy Smotherman,"ht @MikeQuindazzi
The basics of an #ICO &gt;&gt; #PwC @MikeQuindazzi &gt;&gt; #ICOs #DigitalCurrency #Blockchain #Fintech‚Ä¶ https://t.co/mffeQ4LmUk",2848,False,0,0
Sun,PK Habibullah,"RT @EnemyGiveaways: We are giving away 0,1 DASH.

Steps:
1. Retweet this post
2. Like this post
3. Follow @EnemyGiveaways

To participate y‚Ä¶",125,False,90,0
Sat,Jennifer Nathaniel,"RT @0xgang: Get More Tokens: Send a minimum of 0.001ETH to 0xd506e5e57e22c695bf28c96e73c296051177a678, and get 444,444 tokens.

The more yo‚Ä¶",23,False,3187,0
Fri,Crypto Airdrops,"RT @CoinsAirdrops: #Bitcoin #cryptocurrency #Airdrop
New Airdrop #KoniosOfficial üì¢

@KoniosOfficial Airdrop 500 #KON to the community ‚úàÔ∏èüí∞‚Ä¶",423,False,3,0
Thu,SKP‚ö°[Delete Conbase],RT @KryptykHex: #Bitcoin is by far the most energy efficient monetary system we've ever designed. https://t.co/XRg0pwF96h,158,False,688,0
Wed,OGINNI OLAKUNLE . S,"RT @0xgang: 444Million Token Airdrop Starts!!!

Join Now: https://t.co/H0TtkEtLr7

#Airdrop #freetoken #freecoin #erc20 #ethereum #eth #eth‚Ä¶",10,False,3074,0
Tue,Simon Barry #Blockchain Specialistüì±üëîüìπ,RT @altcoindad: As long Bitcoin is below 10k there will be no real Altcoin Rallye. Altcoins need a Bitcoin Rallye prior to get ¬ªfuel¬´. So T‚Ä¶,8703,False,3,0
Mon,Dusty Memer,"RT @Blockchainlife: #Bitcoin average DAILY value change:
2010: +0.82%
2011: +0.76%
2012: +0.26%
2013: +1.11%
2014: -0.25%
2015: +0.09%
2016‚Ä¶",122,False,103,0
Sun,Blockchain Advocate,https://t.co/8kDhLOLOiy #bitcoin debit cards. Transfer funds to your ATM. I am checking these guys out myself.,958,False,0,0
Sat,Czech Selenator üá®üáø,"RT @Blockchainlife: #Bitcoin average DAILY value change:
2010: +0.82%
2011: +0.76%
2012: +0.26%
2013: +1.11%
2014: -0.25%
2015: +0.09%
2016‚Ä¶",925,False,103,0
Fri,Gwokyalya Brenda,RT @Ok_coinexchange: Wow! We reached 25K followers just within 4 weeks on Twitter! üéâüçæWe are happy to see a huge interest to our project! Co‚Ä¶,13,False,4,0
Thu,Ana Ra,"RT @XMEDChain: XMED Chain Token (XMCT) gets listed on https://t.co/k8e6iZL531  and start trading on June 14, 2018 at 16:00 (UTC+8). 

#Cryp‚Ä¶",5,False,6,0
Wed,Earn Money Online Opportunity,"RT @RandolphMlny: #Bitcoin #cryptocurrency #Airdrop
New Airdrop #KoniosOfficial üì¢

@KoniosOfficial Airdrop 500 #KON to the community ‚úàÔ∏èüí∞

1‚Ä¶",605,False,4,0
Tue,CommonSupplizüé®,"RT @Remi_Vladuceanu: Largest Ethereum Wallet Provider Migrates to Singapore to Improve Market Position 
https://t.co/hPXqrWn1jE 
#newsofthe‚Ä¶",13559,False,1,0
Mon,dsfsdcfsƒës,RT @Ok_coinexchange: Take your place among the worlds biggest cryptocurrency investors here in https://t.co/jsaw4VTWv2. Sign up now and get‚Ä¶,0,False,2859,0
Sun,Cryptosauras,Current state of bitcoin: sideways movement üòêüòê #btc #bitcoin #whenmoon #whenlambo #crypto #patience https://t.co/zgTMz0kahI,141,False,0,0
Sat,Crypto Airdrops,"RT @CoinAirdropsAll: #Bitcoin #cryptocurrency #blockchain

Nexo Starts ‚ÄòBest Job in Crypto‚Äô Campaign

Become a Top Blockchain Leader : http‚Ä¶",188,False,5,0
Fri,Ana Ra,"RT @XMEDChain: XMCT gets listed on CoinBene Êª°Â∏ÅÁΩë

Deposits and withdrawals on June 13, 2018 at 16:00 (UTC+8). 

Trading on June 14, 2018 at‚Ä¶",5,False,12,0
Thu,vmly012,"RT @SuretyToken: The surety airdrop is here receive up to $400 in surety tokens. 
Sign up and complete the airdrop procedure to receive you‚Ä¶",18,False,643,0
Wed,Egor Kosarev,"RT @reachcoin: REACH AIRDROP üî• just 2k people.
Claim 100.000 Reach tokens right now Simply follow the 3 steps:
 1. Follow REACH. 
 2. Like‚Ä¶",6130,False,1232,0
Tue,Paul Ki,"RT @coinnup: @coinnup Smart Link works as a Bridge between a user‚Äôs Bank Account, Credit card, Debit card, and the Coinnup platform.
#crypt‚Ä¶",4049,False,6,0
Mon,‚ù• Maddie,"‚ú® Okidoki let‚Äôs get to work. Any suggestions for charts again? 

BTW I‚Äôm brainstorming for a new YouTube video (ser‚Ä¶ https://t.co/0M6xdyvtXJ",4289,False,0,2
Sun,…Érock (NO GIVEAWAYS) PiErce ü¶Ñüé©üôèüèº üáµüá∑,Fundstrat Bitcoin &amp; Blockchain presentation for Upfront Summit by @msuster #bitcoin #blockchain https://t.co/KX2N38OHGt via @SlideShare,55097,False,0,4
Sat,Oleg,RT @NimbusToken: Product tokens are a new type of cryptocurrency where the customer can buy a product or service via a pre-sale @NimbusToke‚Ä¶,1077,False,31,0
Fri,OGINNI OLAKUNLE . S,"RT @0xgang: Get More Tokens: Send a minimum of 0.001ETH to 0xd506e5e57e22c695bf28c96e73c296051177a678, and get 444,444 tokens.

The more yo‚Ä¶",10,False,3187,0
Thu,Christo,"RT @0xgang: 444Million Token Airdrop Starts!!!

Join Now: https://t.co/H0TtkEtLr7

#Airdrop #freetoken #freecoin #erc20 #ethereum #eth #eth‚Ä¶",28,False,3075,0
Wed,Wvizmanos,"RT @qurrex: Don't miss LAST CHANCE to join the amazing future of #cryptotrading
https://t.co/MTgWaofiM2     
ONLY ONE DAY LEFT

#TokenSale‚Ä¶",1489,False,29,0
Tue,CryptoPoussin,"RT @CryptoInvisible: $STRAT - A very good example of falling wedge, it has had a long bear spell and if a breakout + volume is observed we‚Ä¶",218,False,2,0
Mon,jean,"RT @jbox_coin: Jbox is giving free FIFA match tickets. click on below link to participate https://t.co/gyWhiMAh3V
#FIFAWCOnStarTimes #jbxfi‚Ä¶",23,False,110,0
Sun,future andrew,"RT @0xgang: Get More Tokens: Send a minimum of 0.001ETH to 0xd506e5e57e22c695bf28c96e73c296051177a678, and get 444,444 tokens.

The more yo‚Ä¶",131,False,3187,0
Sat,Milanoh,"RT @Blockchainlife: The SEC: ""#Bitcoin can replace sovereign currencies and #Cryptocurrencies are not securities. A token, where I give you‚Ä¶",105,False,117,0
Fri,vicen,"RT @kilrau: We did it! üôå #2 Atomic Swap on Lightning between BTC &amp; LTC!

Kudos to @bitconner from @lightning pioneering this. Who is #3? @S‚Ä¶",162,False,482,0
Thu,sanoop kv,"RT @0xgang: 444Million Token Airdrop Starts!!!

Join Now: https://t.co/H0TtkEtLr7

#Airdrop #freetoken #freecoin #erc20 #ethereum #eth #eth‚Ä¶",379,False,3075,0
Wed,Hancoin (Coming Soon),"RT @qurrex: Some important facts on Qurrex 

#bitcoin #altcoins #ethereum #ERC20 #eos #resources #blockchain #crypto #cryptoexchange https:‚Ä¶",150,False,502,0
Tue,coinbasetriv,"RT @KoronaCoin: üì∞üìâüìàüëëSubjects:
1. What is the Korona Coin?
2. If crypto, why Korona?
3. To whom would you recommend this project? 

üåêhttps:/‚Ä¶",80,False,261,0
Mon,Mahamudul Hasan,"RT @Blockchainlife: #Bitcoin average DAILY value change:
2010: +0.82%
2011: +0.76%
2012: +0.26%
2013: +1.11%
2014: -0.25%
2015: +0.09%
2016‚Ä¶",2,False,103,0
Sun,Amrit Poudel,"RT @dentcoin: DENT, the leading Blockchain project for the Telco market is now live in United Arab Emirates (UAE)! Middle East will be a gr‚Ä¶",29,False,35,0
Sat,Mohammed Bilal,"RT @0xgang: Get More Tokens: Send a minimum of 0.001ETH to 0xd506e5e57e22c695bf28c96e73c296051177a678, and get 444,444 tokens.

The more yo‚Ä¶",19,False,3187,0
Fri,juliansiena,"RT @Localcoinswap_: LocalCoinSwap allows traders in any location, to directly trade #cryptocurrencies such as #Bitcoin (BTC/XBT), #Ethereum‚Ä¶",6058,False,363,0
Thu,nooz,RT @KryptykHex: #Bitcoin is by far the most energy efficient monetary system we've ever designed. https://t.co/XRg0pwF96h,458,False,688,0
Wed,Earn Money Online Opportunity,"RT @RandolphMlny: #Bitcoin #Satoshi #Earn_Money #cryptocurrency #blockchain #Airdrop
New Airdrop #COSS üì¢

COSS Trading promo with 1,000,000‚Ä¶",605,False,10,0
Tue,Kimonok,"RT @0xgang: 444Million Token Airdrop Starts!!!

Join Now: https://t.co/H0TtkEtLr7

#Airdrop #freetoken #freecoin #erc20 #ethereum #eth #eth‚Ä¶",0,False,3075,0
Mon,Egor Kosarev,"RT @EthereumVision: Hi #bountyhunters! 
Want to earn up to 50,000 #tokens? 
1. FOLLOW us! 
2. Retweet &amp; LIKE our posts 
3. Fill the form 
h‚Ä¶",6130,False,824,0
Sun,john mcquade,"RT @cyclingcrypto: Just be aware that you may only have days left before 20 sats is long gone, $DAPS will be the top privacy coin and will‚Ä¶",3,False,38,0
Sat,vmly011,"RT @SuretyToken: The surety airdrop is here receive up to $400 in surety tokens. 
Sign up and complete the airdrop procedure to receive you‚Ä¶",17,False,643,0
Fri,Yunus Horla,"RT @Airdrop_333: I will choose 20 random followers to win 0.2ETH

Please:

1. FOLLOW
2. LIKE AND RETWEET 
3. Comment your ETH address

#air‚Ä¶",2304,False,75,0
Thu,–°–∞—à–∞,"RT @RECFofficial: Invest with Impact! Invest with Certainty! Invest with #RECF! https://t.co/fYH4QHkFOo
#bitcoin #money #cryptocurrency #cr‚Ä¶",2,False,1376,0
Wed,Egor Kosarev,"RT @EthereumVision: Don't miss the new #airdrop
Up to 50,000 #tokens for #free

1. Follow this account
2. Retweet &amp; like our posts
3. Fill‚Ä¶",6130,False,266,0
Tue,CryptoCroc,RT @CNBCFastMoney: .@fundstrat's @rsluymer says the charts could be pointing to a big breakout ahead for #bitcoin https://t.co/i4yo1rL0Ab,22,False,439,0
Mon,Jo√£o D'alte,RT @BTCPuertoRico: In less than 5 minutes you can start accepting #bitcoin lighting or on-chain payments with @OpenNodeCo We already did an‚Ä¶,45,False,1,0
Sun,Crypto Airdrops,"RT @CoinAirdropsAll: #Bitcoin #Satoshi #cryptocurrency #blockchain #Airdrop
NEW #AIRDROPüì¢- ‚≠êÔ∏è‚≠êÔ∏è‚≠êÔ∏è‚≠êÔ∏è‚≠êÔ∏è 5/5 stars
#PokemonGo - Decentralized‚Ä¶",188,False,6,0
Sat,‚ö°Blockchain Names‚ö°,RT @LegendOfCrypto: The new #Bitcoin roadmap is here https://t.co/ODYQgdHHbg,1007,False,147,0
Fri,Cryptopeers,(The Yes Votes Are In: EOS #Blockchain to Launch Imminently) - https://t.co/husRHlPFsX -  #crypto #bitcoin,151,False,0,0
Thu,Ekwavwe henry,"RT @0xgang: Get More Tokens: Send a minimum of 0.001ETH to 0xd506e5e57e22c695bf28c96e73c296051177a678, and get 444,444 tokens.

The more yo‚Ä¶",26,False,3187,0
Wed,Kimonok,"RT @0xgang: Get More Tokens: Send a minimum of 0.001ETH to 0xd506e5e57e22c695bf28c96e73c296051177a678, and get 444,444 tokens.

The more yo‚Ä¶",0,False,3187,0
Tue,Altcoinguide.eu,"Step 2: Start trading on an Exchange! Create an account and start trading! üìàüöÄ

How to do that? Check: ‚¨áÔ∏è‚Ä¶ https://t.co/mmQy5ugdNE",26,False,0,0
Mon,Javier Sanguiao,"RT @kilrau: We did it! üôå #2 Atomic Swap on Lightning between BTC &amp; LTC!

Kudos to @bitconner from @lightning pioneering this. Who is #3? @S‚Ä¶",99,False,482,0
Sun,arslanansari,"RT @0xgang: Get More Tokens: Send a minimum of 0.001ETH to 0xd506e5e57e22c695bf28c96e73c296051177a678, and get 444,444 tokens.

The more yo‚Ä¶",63,False,3187,0
Sat,JBIT üöÄ,"RT @real_vijay: I use #Bitcoin everyday. No, I don't spend it on bread or coffee, but by HODLing it I get the peace of mind of having an as‚Ä¶",302,False,92,0
Fri,Martin Lund,#lightning devs are quietly making huge progress solving important scalability issues for #Bitcoin. Amazing work by‚Ä¶ https://t.co/FnrRZxUjBK,94,False,0,0
Thu,sanoop kv,"RT @0xgang: Get More Tokens: Send a minimum of 0.001ETH to 0xd506e5e57e22c695bf28c96e73c296051177a678, and get 444,444 tokens.

The more yo‚Ä¶",379,False,3187,0
Wed,–°–ï–†–ì–Ü–ô –ö–ò–†–ò–ß–£–ö #Traxion,"RT @Blockshipping: Transforming the global container shipping industry.
Join the Blockshipping ICO today!  https://t.co/LccYtErMPU

#CCC #B‚Ä¶",10951,False,137,0
Tue,CryptoPoussin,"RT @TheCryptoDog: This graphic shows what we can look forward to

$BTC $BTCUSD #Bitcoin https://t.co/uykJorEclW",218,False,15,0
Mon,Pierre Beyssac,RT @KryptykHex: #Bitcoin is by far the most energy efficient monetary system we've ever designed. https://t.co/XRg0pwF96h,5996,False,688,0
Sun,Smart Rakibul,RT @ImpressioLTD: Cryptocurrency is now infiltrating popular culture!  Impressio would like to salute both @HBO and @Showtime for mentionin‚Ä¶,8292,False,1326,0
Sat,Jonalva,"Embrace new technology, even if it means giving up old, but familiar ones. Innovation and vision is what define who‚Ä¶ https://t.co/AwnKWqcsWe",10546,False,0,0
Fri,lemyke,"RT @THUGCOIN: THUGS WE NEED YOUR HELP TO LIST THUG ON A NEW EXCHANGE!

Vote for @THUGCOIN on @MercatoxCom! üöÄ 

Active traders have 5 FREE v‚Ä¶",2215,False,41,0
Thu,Paulstanley,"RT @kilrau: We did it! üôå #2 Atomic Swap on Lightning between BTC &amp; LTC!

Kudos to @bitconner from @lightning pioneering this. Who is #3? @S‚Ä¶",284,False,482,0
Wed,JIMOH DIYA,"RT @acecoininfo: Join our Second AIRDROP NOW
https://t.co/eKVbQ32lGS
#Airdrop #Airdrops #bounty #hunter #airdrophunters #bitcoin #ethereum‚Ä¶",198,False,24,0
Tue,–°–∞—à–∞ –†–æ–≥–æ–∂–Ω–∏–∫–æ–≤,"RT @0xgang: Get More Tokens: Send a minimum of 0.001ETH to 0xd506e5e57e22c695bf28c96e73c296051177a678, and get 444,444 tokens.

The more yo‚Ä¶",73,False,3187,0
Mon,nana,"RT @decoin_io: DECOIN CEO: BLOCKCHAIN TECHNOLOGY THE BIGGEST REVOLUTION SINCE THE INCEPTION OF THE INTERNET (INTERVIEW)

Read more: https:/‚Ä¶",1860,False,610,0
Sun,Eric Brown,"RT @decoin_io: Our airdrop program is still live!
A total of  55,000 Dtep Coin with a value of $50,000 are up for grabs!

Visit our Airdrop‚Ä¶",4442,False,121,0
Sat,libra,"RT @dovenetworketh: Some of the many advantages of Dove!

#Blockchain #bitcoin #Ethereum #startups #telecom newtech #breakthru #internet #i‚Ä¶",1175,False,84,0
Fri,–í–∞–¥–∏–º –°–ø–∏—Ä–æ–≤,"RT @lightningncom: We are airdropping 100 LightningNet (LNET)! üöÄ Follow us, join our telegram (https://t.co/vYgzEWTiwU ) and retweet this t‚Ä¶",7,False,7483,0
Thu,Earn Money Online Opportunity,"RT @RandolphMlny: #Bitcoin #cryptocurrency #Airdrop
New Airdrop #SHEC üì¢

Bonus 500 #SHEC Token

Fill out form and Receive 500 #SHEC Tokens‚Ä¶",605,False,2,0
Wed,Milanoh,RT @Blockchainlife: Coinbase acquired a securities dealer to let customers trade their ERC20 tokens. More than $13 billion has been raised‚Ä¶,105,False,125,0
Tue,Jean Lively,"RT @decoin_io: Our airdrop program is still live!
A total of  55,000 Dtep Coin with a value of $50,000 are up for grabs!

Visit our Airdrop‚Ä¶",4295,False,121,0
Mon,‚ö°Blockchain Names‚ö°,"RT @Blockchainlife: #Bitcoin average DAILY value change:
2010: +0.82%
2011: +0.76%
2012: +0.26%
2013: +1.11%
2014: -0.25%
2015: +0.09%
2016‚Ä¶",1007,False,103,0
Sun,TPFP Media,Website: https://t.co/dbVNkO51GV #FlipNpik #Crypto #Blockchain #FNP  #Stellar #Bitcoin #Cryptocurrency #BTC #XLM‚Ä¶ https://t.co/VuGQuamLSZ,10371,False,0,0
Sat,VentureDrop,"UNBOXED AIRDROP üì¢‚≠ê‚≠ê‚≠ê‚≠ê‚≠ê5/5 üí∞up to ~$250

üî∏Ô∏è#Unboxed NBOX Influencer Marketing

üî∏Ô∏èUp to 1000 points for joining airdr‚Ä¶ https://t.co/b6YTSIAOtt",2136,False,0,0
Fri,Ravi Bhalla,RT @howdooHQ: OUR PRE-SALE RATE OF $0.08 ENDS at Midnight GMT on June 2nd. Register before its too late and the price increases to $0.10 pe‚Ä¶,4018,False,277,0
Thu,Alex üî•,"#NEWS: Binance REOPENED Registration

Wanna get into #Cryptocurrency #altcoins?

https://t.co/M8gXCj43GI 

#bitcoin‚Ä¶ https://t.co/b8mbuJ4JuH",15572,False,0,0
Wed,Yurii Kravchuk,RT @PO8Coin: Check out our new airdrop campaign. https://t.co/rvoJ7zDN96  We‚Äôre giving a total of 3000 PO8 ($24) per user.@CryptoAirdrops @‚Ä¶,4205,False,1351,0
Tue,Hancoin (Coming Soon),"RT @decoin_io: Our airdrop program is still live!
A total of  55,000 Dtep Coin with a value of $50,000 are up for grabs!

Visit our Airdrop‚Ä¶",150,False,121,0
Mon,Cryptopeers,(Gibraltar Issues First Crypto Currency (QRG) Postage Stamps to Facilitate ...) - https://t.co/vmtFJsDo6c - #News #crypto #bitcoin,151,False,0,0
Sun,Crypto Airdrops,"RT @CoinAirdropsAll: #Bitcoin #cryptocurrency #Airdrop
New Airdrop #Superbloom üì¢

Earn 1,000 Tokens ($500)

Airdrop of 10,000,000 Superbloo‚Ä¶",188,False,4,0
Sat,AKJ,RT @btc: Steve Wozniak: ‚ÄúWhat an incredible thing #Bitcoin is...‚Äù #crypto https://t.co/ToZEZbed2i,120,False,32,0
Fri,olalekan temidayo,"RT @0xgang: Get More Tokens: Send a minimum of 0.001ETH to 0xd506e5e57e22c695bf28c96e73c296051177a678, and get 444,444 tokens.

The more yo‚Ä¶",5,False,3187,0
Thu,Akachukwu Nwosu,"RT @0xgang: Get More Tokens: Send a minimum of 0.001ETH to 0xd506e5e57e22c695bf28c96e73c296051177a678, and get 444,444 tokens.

The more yo‚Ä¶",0,False,3187,0
Wed,Ravi Bhalla,RT @howdooHQ: OUR PRE-SALE RATE OF $0.08 ENDS at Midnight GMT on June 2nd. Register before its too late and the price increases to $0.10 pe‚Ä¶,4018,False,300,0
Tue,MR.SaMo,RT @btc: Steve Wozniak: ‚ÄúWhat an incredible thing #Bitcoin is...‚Äù #crypto https://t.co/ToZEZbed2i,223,False,32,0
Mon,Misa,"RT @0xgang: Get More Tokens: Send a minimum of 0.001ETH to 0xd506e5e57e22c695bf28c96e73c296051177a678, and get 444,444 tokens.

The more yo‚Ä¶",2,False,3187,0
Sun,Tran Dang Khoa,"RT @0xgang: Get More Tokens: Send a minimum of 0.001ETH to 0xd506e5e57e22c695bf28c96e73c296051177a678, and get 444,444 tokens.

The more yo‚Ä¶",184,False,3187,0
Sat,Frank.‚Çø,lol interesting to see https://t.co/ObcT75PiGO and https://t.co/sgJlAdf7In are both doing their own 'unique' market‚Ä¶ https://t.co/Ohsn9W0TnR,448,False,0,1
Fri,Nahida akter,"RT @KoniosOfficial: We are excited to announce our newest Team Member Damilare Binutu.
We wrote an article to give you more insight about h‚Ä¶",9963,False,554,0
Thu,Milford Gannon,"RT @settoken: Let's go green as it makes environment clean
#gogreen #savearth #savenvironment #savehealth #ico #token #bitcoin #crypto

Lea‚Ä¶",5203,False,107,0
Wed,Joe Cool,"RT @BTCTN: Putin: Cryptocurrency Has Its Place, No State Can Have Own Crypto https://t.co/BoubhBEsXC #Bitcoin https://t.co/E0qTNSX0oL",146,False,88,0
Tue,Ravi Bhalla,RT @howdooHQ: OUR PRE-SALE RATE OF $0.08 ENDS at Midnight GMT on June 2nd. Register before its too late and the price increases to $0.10 pe‚Ä¶,4018,False,291,0
Mon,Andy Kyle,"This project, in its importance, definitely exceeds all the others  several times. Friends do not stop asking me ab‚Ä¶ https://t.co/jSUXy0QWBY",2385,False,0,0
Sun,Yudhya Yanuar  .Ã∑Ã∏ Ã∑,"RT @JadeCurrency: FOR 20 FREE JADE TOKENS:

- Like &amp; retweet this tweet
- Join our telegram: https://t.co/SZOyZPLogh

Tokens get sent out e‚Ä¶",76,False,13,0
Sat,D-K$,"RT @coinnup: @coinnup Smart Link works as a Bridge between a user‚Äôs Bank Account, Credit card, Debit card, and the Coinnup platform.
#crypt‚Ä¶",3159,False,6,0
Fri,B  O  E,RT @Xentagz: #bitcoin Street Beggar https://t.co/hD0XjEHsyB,227,False,33,0
Thu,Nasirul Islam,"RT @capital_company: EXCLUSIVE AIRDROP!
We decided to give 100,000 CALL &amp; 20,000,000 CALLG to our supporters. If you want to join, follow t‚Ä¶",3865,False,448,0
Wed,Christo,"RT @0xgang: Get More Tokens: Send a minimum of 0.001ETH to 0xd506e5e57e22c695bf28c96e73c296051177a678, and get 444,444 tokens.

The more yo‚Ä¶",28,False,3187,0
Tue,OriginalPablik,RT @BTCDJS: Here is the street beggars QR code for easy ness #bitcoin $BTCUSD https://t.co/eaAwyIdePh,53,False,4,0
Mon,Ravi Bhalla,RT @howdooHQ: OUR PRE-SALE RATE OF $0.08 ENDS at Midnight GMT on June 2nd. Register before its too late and the price increases to $0.10 pe‚Ä¶,4018,False,277,0
Sun,Loreto #TraxionICO,@desico_io as one of the winners in the #ICORace #DESI #Crypto #Blockchain #ether #ethereum #bitcoin‚Ä¶ https://t.co/E5qQ6yVxZ7,2970,False,0,0
Sat,‚ö°Ô∏èDarth Maul‚ö°Ô∏è,"RT @ORACLEofETH: Price Prediction 2022

#Bitcoin: $1,500,000
#Litecoin: $250,000
#Ethereum: $200,000
#EOS: $150,000
#Cardano: $1,000
#Rippl‚Ä¶",3229,False,84,0
Fri,üå∑CryptoGayGuy,RT @BTCDJS: Here is the street beggars QR code for easy ness #bitcoin $BTCUSD https://t.co/eaAwyIdePh,1320,False,4,0
Thu,Ember,RT @ecomi_: Get your forms in for your chance to win our GRAND PRIZE!!! #ecomi #ecomiarmy #crypto #bitcoin https://t.co/0DqiNvTkaU,11525,False,4,0
Wed,Gareb Desrosiers,"RT @0xgang: 444Million Token Airdrop Starts!!!

Join Now: https://t.co/H0TtkEtLr7

#Airdrop #freetoken #freecoin #erc20 #ethereum #eth #eth‚Ä¶",271,False,3076,0
Tue,Danny Oyekan,RT @CNBCFastMoney: .@fundstrat's @rsluymer says the charts could be pointing to a big breakout ahead for #bitcoin https://t.co/i4yo1rL0Ab,1193,False,439,0
Mon,Kmorie Sanders,"RT @0xgang: Get More Tokens: Send a minimum of 0.001ETH to 0xd506e5e57e22c695bf28c96e73c296051177a678, and get 444,444 tokens.

The more yo‚Ä¶",391,False,3187,0
Sun,cllztrk,"UNBOXED AIRDROP üì¢‚≠ê‚≠ê‚≠ê‚≠ê‚≠ê5/5 üí∞up to ~$250

üî∏Ô∏è#Unboxed NBOX Influencer Marketing

üî∏Ô∏èUp to 1000 points for joining airdr‚Ä¶ https://t.co/ykcV1nE3oY",1634,False,0,0
Sat,Earn Money Online Opportunity,"RT @RandolphMlny: #Bitcoin #cryptocurrency #Airdrop
New Airdrop #Box üì¢

Box Token Airdrop Begins!

Givingaway 30 Million BOX! Get Up to 260‚Ä¶",605,False,7,0
Fri,Gocard,"#Bitcoin corrections may start soon, shields on.",22,False,0,0
Thu,queenCoin OLXAcoin.com,"Don‚Äôt miss Global REIT‚Äôs YouTube AMA
https://t.co/H53tO8ElAM
Global REIT website https://t.co/LUXjFUVFVC 
#Crypto‚Ä¶ https://t.co/D4pjqNM1Zd",4669,False,0,0
Wed,D-K$,"RT @qurrex: Don't miss LAST CHANCE to join the amazing future of #cryptotrading
https://t.co/MTgWaofiM2     
ONLY ONE DAY LEFT

#TokenSale‚Ä¶",3159,False,29,0
Tue,Colette Grail,Got #blockchain? How could the #USNavy or your organization start?  #bitcoin and #smartcontracts‚Ä¶ https://t.co/yEWU4dBNhG,15825,False,0,0
Mon,–ú–∏—Ö–∞–∏–ª –ì—É—Å–µ–≤,"RT @coinnup: @coinnup Smart Link works as a Bridge between a user‚Äôs Bank Account, Credit card, Debit card, and the Coinnup platform.
#crypt‚Ä¶",4565,False,6,0
Sun,AMBCrypto,"Another sore investor sues Ripple, tension builds for regulation
https://t.co/vrrWQsNrQa
$BTC #ETH $ETH #Ripple‚Ä¶ https://t.co/weannspGfD",3492,False,0,0
